contains,id,name,translation,type
"орехи, отруби, семена, бурый рис, зерновые, фрукты, грибы, ракообразные, овёс, отруби, фасоль, ячмень, лён, ягоды, соя, бананы, апельсины, яблоки, морковь",1.0,beta-glucan,Бета-глюкан,synonim
"орехи, отруби, семена, бурый рис, зерновые, фрукты, грибы, ракообразные, овёс, отруби, фасоль, ячмень, лён, ягоды, соя, бананы, апельсины, яблоки, морковь",1.0,beta-glucans,Бета-глюкан,synonim
"орехи, отруби, семена, бурый рис, зерновые, фрукты, грибы, ракообразные, овёс, отруби, фасоль, ячмень, лён, ягоды, соя, бананы, апельсины, яблоки, морковь",1.0,Beta-glucan,Бета-глюкан,synonim
"орехи, отруби, семена, бурый рис, зерновые, фрукты, грибы, ракообразные, овёс, отруби, фасоль, ячмень, лён, ягоды, соя, бананы, апельсины, яблоки, морковь",1.0,Beta-glucans,Бета-глюкан,synonim
"орехи, отруби, семена, бурый рис, зерновые, фрукты, грибы, ракообразные, овёс, отруби, фасоль, ячмень, лён, ягоды, соя, бананы, апельсины, яблоки, морковь",1.0,BETA-GLUCAN,Бета-глюкан,synonim
"орехи, отруби, семена, бурый рис, зерновые, фрукты, грибы, ракообразные, овёс, отруби, фасоль, ячмень, лён, ягоды, соя, бананы, апельсины, яблоки, морковь",1.0,BETA-GLUCANS,Бета-глюкан,synonim
"орехи, отруби, семена, бурый рис, зерновые, фрукты, грибы, ракообразные, овёс, отруби, фасоль, ячмень, лён, ягоды, соя, бананы, апельсины, яблоки, морковь",1.0,beta glucan,Бета-глюкан,synonim
"орехи, отруби, семена, бурый рис, зерновые, фрукты, грибы, ракообразные, овёс, отруби, фасоль, ячмень, лён, ягоды, соя, бананы, апельсины, яблоки, морковь",1.0,beta glucans,Бета-глюкан,synonim
"орехи, отруби, семена, бурый рис, зерновые, фрукты, грибы, ракообразные, овёс, отруби, фасоль, ячмень, лён, ягоды, соя, бананы, апельсины, яблоки, морковь",1.0,Beta glucan,Бета-глюкан,synonim
"орехи, отруби, семена, бурый рис, зерновые, фрукты, грибы, ракообразные, овёс, отруби, фасоль, ячмень, лён, ягоды, соя, бананы, апельсины, яблоки, морковь",1.0,Beta glucans,Бета-глюкан,synonim
"орехи, отруби, семена, бурый рис, зерновые, фрукты, грибы, ракообразные, овёс, отруби, фасоль, ячмень, лён, ягоды, соя, бананы, апельсины, яблоки, морковь",1.0,BETA GLUCAN,Бета-глюкан,synonim
"орехи, отруби, семена, бурый рис, зерновые, фрукты, грибы, ракообразные, овёс, отруби, фасоль, ячмень, лён, ягоды, соя, бананы, апельсины, яблоки, морковь",1.0,BETA GLUCANS,Бета-глюкан,synonim
"зерновые, отруби, бобовые",4.0,hemi cellulose,Гемицеллюлоза,synonim
"зерновые, отруби, бобовые",4.0,hemi celluloses,Гемицеллюлоза,synonim
"зерновые, отруби, бобовые",4.0,Hemi cellulose,Гемицеллюлоза,synonim
"зерновые, отруби, бобовые",4.0,Hemi celluloses,Гемицеллюлоза,synonim
"зерновые, отруби, бобовые",4.0,HEMI CELLULOSE,Гемицеллюлоза,synonim
"зерновые, отруби, бобовые",4.0,HEMI CELLULOSES,Гемицеллюлоза,synonim
"зерновые, отруби, бобовые",4.0,hemi-cellulose,Гемицеллюлоза,synonim
"зерновые, отруби, бобовые",4.0,hemi-celluloses,Гемицеллюлоза,synonim
"зерновые, отруби, бобовые",4.0,Hemi-cellulose,Гемицеллюлоза,synonim
"зерновые, отруби, бобовые",4.0,Hemi-celluloses,Гемицеллюлоза,synonim
"зерновые, отруби, бобовые",4.0,HEMI-CELLULOSE,Гемицеллюлоза,synonim
"зерновые, отруби, бобовые",4.0,HEMI-CELLULOSES,Гемицеллюлоза,synonim
"зерновые, отруби, бобовые",4.0,polyose,Гемицеллюлоза,synonim
"зерновые, отруби, бобовые",4.0,polyoses,Гемицеллюлоза,synonim
"зерновые, отруби, бобовые",4.0,Polyose,Гемицеллюлоза,synonim
"зерновые, отруби, бобовые",4.0,Polyoses,Гемицеллюлоза,synonim
"зерновые, отруби, бобовые",4.0,POLYOSE,Гемицеллюлоза,synonim
"зерновые, отруби, бобовые",4.0,POLYOSES,Гемицеллюлоза,synonim
загустители,8.0,Xantan gum,Ксантановая камедь,synonim
загустители,8.0,Xantan gums,Ксантановая камедь,synonim
загустители,8.0,xantan gum,Ксантановая камедь,synonim
загустители,8.0,xantan gums,Ксантановая камедь,synonim
загустители,8.0,XANTAN GUM,Ксантановая камедь,synonim
загустители,8.0,XANTAN GUMS,Ксантановая камедь,synonim
"кукуруза, ячмень, пшеница, бобовые, бананы",9.0,type 2 resistant starch,Устойчивый крахмал,synonim
"кукуруза, ячмень, пшеница, бобовые, бананы",9.0,type 2 resistant starches,Устойчивый крахмал,synonim
"кукуруза, ячмень, пшеница, бобовые, бананы",9.0,Type 2 resistant starch,Устойчивый крахмал,synonim
"кукуруза, ячмень, пшеница, бобовые, бананы",9.0,Type 2 resistant starches,Устойчивый крахмал,synonim
"кукуруза, ячмень, пшеница, бобовые, бананы",9.0,TYPE 2 RESISTANT STARCH,Устойчивый крахмал,synonim
"кукуруза, ячмень, пшеница, бобовые, бананы",9.0,TYPE 2 RESISTANT STARCHES,Устойчивый крахмал,synonim
"кукуруза, ячмень, пшеница, бобовые, бананы",9.0,type 1 resistant starch,Устойчивый крахмал,synonim
"кукуруза, ячмень, пшеница, бобовые, бананы",9.0,type 1 resistant starches,Устойчивый крахмал,synonim
"кукуруза, ячмень, пшеница, бобовые, бананы",9.0,Type 1 resistant starch,Устойчивый крахмал,synonim
"кукуруза, ячмень, пшеница, бобовые, бананы",9.0,Type 1 resistant starches,Устойчивый крахмал,synonim
"кукуруза, ячмень, пшеница, бобовые, бананы",9.0,TYPE 1 RESISTANT STARCH,Устойчивый крахмал,synonim
"кукуруза, ячмень, пшеница, бобовые, бананы",9.0,TYPE 1 RESISTANT STARCHES,Устойчивый крахмал,synonim
"кукуруза, ячмень, пшеница, бобовые, бананы",9.0, type 3 resistant starch,Устойчивый крахмал,synonim
"кукуруза, ячмень, пшеница, бобовые, бананы",9.0, type 3 resistant starches,Устойчивый крахмал,synonim
"кукуруза, ячмень, пшеница, бобовые, бананы",9.0, TYPE 3 RESISTANT STARCH,Устойчивый крахмал,synonim
"кукуруза, ячмень, пшеница, бобовые, бананы",9.0, TYPE 3 RESISTANT STARCHES,Устойчивый крахмал,synonim
"кукуруза, ячмень, пшеница, бобовые, бананы",9.0,type 4 resistant starch,Устойчивый крахмал,synonim
"кукуруза, ячмень, пшеница, бобовые, бананы",9.0,type 4 resistant starches,Устойчивый крахмал,synonim
"кукуруза, ячмень, пшеница, бобовые, бананы",9.0,Type 4 resistant starch,Устойчивый крахмал,synonim
"кукуруза, ячмень, пшеница, бобовые, бананы",9.0,Type 4 resistant starches,Устойчивый крахмал,synonim
"кукуруза, ячмень, пшеница, бобовые, бананы",9.0,TYPE 4 RESISTANT STARCH,Устойчивый крахмал,synonim
"кукуруза, ячмень, пшеница, бобовые, бананы",9.0,TYPE 4 RESISTANT STARCHES,Устойчивый крахмал,synonim
"кукуруза, ячмень, пшеница, бобовые, бананы",9.0,resistant starch diet,Устойчивый крахмал,synonim
"кукуруза, ячмень, пшеница, бобовые, бананы",9.0,resistant starch diets,Устойчивый крахмал,synonim
"кукуруза, ячмень, пшеница, бобовые, бананы",9.0,Resistant starch diet,Устойчивый крахмал,synonim
"кукуруза, ячмень, пшеница, бобовые, бананы",9.0,Resistant starch diets,Устойчивый крахмал,synonim
"кукуруза, ячмень, пшеница, бобовые, бананы",9.0,RESISTANT STARCH DIET,Устойчивый крахмал,synonim
"кукуруза, ячмень, пшеница, бобовые, бананы",9.0,RESISTANT STARCH DIETS,Устойчивый крахмал,synonim
"кукуруза, ячмень, пшеница, бобовые, бананы",9.0,RS diet,Устойчивый крахмал,synonim
"кукуруза, ячмень, пшеница, бобовые, бананы",9.0,RS diets,Устойчивый крахмал,synonim
"кукуруза, ячмень, пшеница, бобовые, бананы",9.0,rs diet,Устойчивый крахмал,synonim
"кукуруза, ячмень, пшеница, бобовые, бананы",9.0,rs diets,Устойчивый крахмал,synonim
"кукуруза, ячмень, пшеница, бобовые, бананы",9.0,Rs diet,Устойчивый крахмал,synonim
"кукуруза, ячмень, пшеница, бобовые, бананы",9.0,Rs diets,Устойчивый крахмал,synonim
"кукуруза, ячмень, пшеница, бобовые, бананы",9.0,RS DIET,Устойчивый крахмал,synonim
"кукуруза, ячмень, пшеница, бобовые, бананы",9.0,RS DIETS,Устойчивый крахмал,synonim
"кукуруза, ячмень, пшеница, бобовые, бананы",9.0,starch RS4,Устойчивый крахмал,synonim
"кукуруза, ячмень, пшеница, бобовые, бананы",9.0,starch RS4s,Устойчивый крахмал,synonim
"кукуруза, ячмень, пшеница, бобовые, бананы",9.0,starch rs4,Устойчивый крахмал,synonim
"кукуруза, ячмень, пшеница, бобовые, бананы",9.0,starch rs4s,Устойчивый крахмал,synonim
"кукуруза, ячмень, пшеница, бобовые, бананы",9.0,Starch rs4,Устойчивый крахмал,synonim
"кукуруза, ячмень, пшеница, бобовые, бананы",9.0,Starch rs4s,Устойчивый крахмал,synonim
"кукуруза, ячмень, пшеница, бобовые, бананы",9.0,STARCH RS4,Устойчивый крахмал,synonim
"кукуруза, ячмень, пшеница, бобовые, бананы",9.0,STARCH RS4S,Устойчивый крахмал,synonim
"корни тапинамбура, агава, цикорий",10.0,Inuline,Инулин,synonim
"корни тапинамбура, агава, цикорий",10.0,Inulines,Инулин,synonim
"корни тапинамбура, агава, цикорий",10.0,inuline,Инулин,synonim
"корни тапинамбура, агава, цикорий",10.0,inulines,Инулин,synonim
"корни тапинамбура, агава, цикорий",10.0,INULINE,Инулин,synonim
"корни тапинамбура, агава, цикорий",10.0,INULINES,Инулин,synonim
"корни тапинамбура, агава, цикорий",10.0,artichoke inulin,Инулин,synonim
"корни тапинамбура, агава, цикорий",10.0,artichoke inulins,Инулин,synonim
"корни тапинамбура, агава, цикорий",10.0,Artichoke inulin,Инулин,synonim
"корни тапинамбура, агава, цикорий",10.0,Artichoke inulins,Инулин,synonim
"корни тапинамбура, агава, цикорий",10.0,ARTICHOKE INULIN,Инулин,synonim
"корни тапинамбура, агава, цикорий",10.0,ARTICHOKE INULINS,Инулин,synonim
"яблоки, айва, овощи, запеченые яблоки, водоросли",11.0,poly-uronide,Полиуронид,synonim
"яблоки, айва, овощи, запеченые яблоки, водоросли",11.0,poly-uronides,Полиуронид,synonim
"яблоки, айва, овощи, запеченые яблоки, водоросли",11.0,Poly-uronide,Полиуронид,synonim
"яблоки, айва, овощи, запеченые яблоки, водоросли",11.0,Poly-uronides,Полиуронид,synonim
"яблоки, айва, овощи, запеченые яблоки, водоросли",11.0,POLY-URONIDE,Полиуронид,synonim
"яблоки, айва, овощи, запеченые яблоки, водоросли",11.0,POLY-URONIDES,Полиуронид,synonim
"яблоки, айва, овощи, запеченые яблоки, водоросли",11.0,poly uronide,Полиуронид,synonim
"яблоки, айва, овощи, запеченые яблоки, водоросли",11.0,poly uronides,Полиуронид,synonim
"яблоки, айва, овощи, запеченые яблоки, водоросли",11.0,Poly uronide,Полиуронид,synonim
"яблоки, айва, овощи, запеченые яблоки, водоросли",11.0,Poly uronides,Полиуронид,synonim
"яблоки, айва, овощи, запеченые яблоки, водоросли",11.0,POLY URONIDE,Полиуронид,synonim
"яблоки, айва, овощи, запеченые яблоки, водоросли",11.0,POLY URONIDES,Полиуронид,synonim
водоросли,13.0,alginate acid,Альгиновая кислота,synonim
водоросли,13.0,alginate acids,Альгиновая кислота,synonim
водоросли,13.0,Alginate acid,Альгиновая кислота,synonim
водоросли,13.0,Alginate acids,Альгиновая кислота,synonim
водоросли,13.0,ALGINATE ACID,Альгиновая кислота,synonim
водоросли,13.0,ALGINATE ACIDS,Альгиновая кислота,synonim
водоросли,13.0,algin,Альгиновая кислота,synonim
водоросли,13.0,algins,Альгиновая кислота,synonim
водоросли,13.0,Algin,Альгиновая кислота,synonim
водоросли,13.0,Algins,Альгиновая кислота,synonim
водоросли,13.0,ALGIN,Альгиновая кислота,synonim
водоросли,13.0,ALGINS,Альгиновая кислота,synonim
водоросли,13.0,alginate,Альгиновая кислота,synonim
водоросли,13.0,alginates,Альгиновая кислота,synonim
водоросли,13.0,Alginate,Альгиновая кислота,synonim
водоросли,13.0,Alginates,Альгиновая кислота,synonim
водоросли,13.0,ALGINATE,Альгиновая кислота,synonim
водоросли,13.0,ALGINATES,Альгиновая кислота,synonim
рожь,15.0,Xilose,Ксилоза,synonim
рожь,15.0,Xiloses,Ксилоза,synonim
рожь,15.0,xilose,Ксилоза,synonim
рожь,15.0,xiloses,Ксилоза,synonim
рожь,15.0,XILOSE,Ксилоза,synonim
рожь,15.0,XILOSES,Ксилоза,synonim
"лук, артишок, цикорий, лук-порей, чеснок, овсяные хлопья, ячмень, рожь",18.0,oligo-fructose,Олигофруктоза,synonim
"лук, артишок, цикорий, лук-порей, чеснок, овсяные хлопья, ячмень, рожь",18.0,oligo-fructoses,Олигофруктоза,synonim
"лук, артишок, цикорий, лук-порей, чеснок, овсяные хлопья, ячмень, рожь",18.0,Oligo-fructose,Олигофруктоза,synonim
"лук, артишок, цикорий, лук-порей, чеснок, овсяные хлопья, ячмень, рожь",18.0,Oligo-fructoses,Олигофруктоза,synonim
"лук, артишок, цикорий, лук-порей, чеснок, овсяные хлопья, ячмень, рожь",18.0,OLIGO-FRUCTOSE,Олигофруктоза,synonim
"лук, артишок, цикорий, лук-порей, чеснок, овсяные хлопья, ячмень, рожь",18.0,OLIGO-FRUCTOSES,Олигофруктоза,synonim
"лук, артишок, цикорий, лук-порей, чеснок, овсяные хлопья, ячмень, рожь",18.0,oligo fructose,Олигофруктоза,synonim
"лук, артишок, цикорий, лук-порей, чеснок, овсяные хлопья, ячмень, рожь",18.0,oligo fructoses,Олигофруктоза,synonim
"лук, артишок, цикорий, лук-порей, чеснок, овсяные хлопья, ячмень, рожь",18.0,Oligo fructose,Олигофруктоза,synonim
"лук, артишок, цикорий, лук-порей, чеснок, овсяные хлопья, ячмень, рожь",18.0,Oligo fructoses,Олигофруктоза,synonim
"лук, артишок, цикорий, лук-порей, чеснок, овсяные хлопья, ячмень, рожь",18.0,OLIGO FRUCTOSE,Олигофруктоза,synonim
"лук, артишок, цикорий, лук-порей, чеснок, овсяные хлопья, ячмень, рожь",18.0,OLIGO FRUCTOSES,Олигофруктоза,synonim
"лук, артишок, цикорий, лук-порей, чеснок, овсяные хлопья, ячмень, рожь",18.0,olygofructose,Олигофруктоза,synonim
"лук, артишок, цикорий, лук-порей, чеснок, овсяные хлопья, ячмень, рожь",18.0,olygofructoses,Олигофруктоза,synonim
"лук, артишок, цикорий, лук-порей, чеснок, овсяные хлопья, ячмень, рожь",18.0,Olygofructose,Олигофруктоза,synonim
"лук, артишок, цикорий, лук-порей, чеснок, овсяные хлопья, ячмень, рожь",18.0,Olygofructoses,Олигофруктоза,synonim
"лук, артишок, цикорий, лук-порей, чеснок, овсяные хлопья, ячмень, рожь",18.0,OLYGOFRUCTOSE,Олигофруктоза,synonim
"лук, артишок, цикорий, лук-порей, чеснок, овсяные хлопья, ячмень, рожь",18.0,OLYGOFRUCTOSES,Олигофруктоза,synonim
"лук, артишок, цикорий, лук-порей, чеснок, овсяные хлопья, ячмень, рожь",18.0,olygo-fructose,Олигофруктоза,synonim
"лук, артишок, цикорий, лук-порей, чеснок, овсяные хлопья, ячмень, рожь",18.0,olygo-fructoses,Олигофруктоза,synonim
"лук, артишок, цикорий, лук-порей, чеснок, овсяные хлопья, ячмень, рожь",18.0,Olygo-fructose,Олигофруктоза,synonim
"лук, артишок, цикорий, лук-порей, чеснок, овсяные хлопья, ячмень, рожь",18.0,Olygo-fructoses,Олигофруктоза,synonim
"лук, артишок, цикорий, лук-порей, чеснок, овсяные хлопья, ячмень, рожь",18.0,OLYGO-FRUCTOSE,Олигофруктоза,synonim
"лук, артишок, цикорий, лук-порей, чеснок, овсяные хлопья, ячмень, рожь",18.0,OLYGO-FRUCTOSES,Олигофруктоза,synonim
"лук, артишок, цикорий, лук-порей, чеснок, овсяные хлопья, ячмень, рожь",18.0,olygo fructose,Олигофруктоза,synonim
"лук, артишок, цикорий, лук-порей, чеснок, овсяные хлопья, ячмень, рожь",18.0,olygo fructoses,Олигофруктоза,synonim
"лук, артишок, цикорий, лук-порей, чеснок, овсяные хлопья, ячмень, рожь",18.0,Olygo fructose,Олигофруктоза,synonim
"лук, артишок, цикорий, лук-порей, чеснок, овсяные хлопья, ячмень, рожь",18.0,Olygo fructoses,Олигофруктоза,synonim
"лук, артишок, цикорий, лук-порей, чеснок, овсяные хлопья, ячмень, рожь",18.0,OLYGO FRUCTOSE,Олигофруктоза,synonim
"лук, артишок, цикорий, лук-порей, чеснок, овсяные хлопья, ячмень, рожь",18.0,OLYGO FRUCTOSES,Олигофруктоза,synonim
,19.0,ispaghula,Псиллиум,synonim
,19.0,ispaghulas,Псиллиум,synonim
,19.0,Ispaghula,Псиллиум,synonim
,19.0,Ispaghulas,Псиллиум,synonim
,19.0,ISPAGHULA,Псиллиум,synonim
,19.0,ISPAGHULAS,Псиллиум,synonim
"картофель, зерновые",20.0,Wheat dextrin,Декстрин,synonim
"картофель, зерновые",20.0,Wheat dextrins,Декстрин,synonim
"картофель, зерновые",20.0,wheat dextrin,Декстрин,synonim
"картофель, зерновые",20.0,wheat dextrins,Декстрин,synonim
"картофель, зерновые",20.0,WHEAT DEXTRIN,Декстрин,synonim
"картофель, зерновые",20.0,WHEAT DEXTRINS,Декстрин,synonim
"чечевица, горох, бобовые, молоко, кефир, соя, чеснок, бананы, отруби",21.0,GOS juice,Галактоолигосахариды,synonim
"чечевица, горох, бобовые, молоко, кефир, соя, чеснок, бананы, отруби",21.0,GOS juices,Галактоолигосахариды,synonim
"чечевица, горох, бобовые, молоко, кефир, соя, чеснок, бананы, отруби",21.0,gos juice,Галактоолигосахариды,synonim
"чечевица, горох, бобовые, молоко, кефир, соя, чеснок, бананы, отруби",21.0,gos juices,Галактоолигосахариды,synonim
"чечевица, горох, бобовые, молоко, кефир, соя, чеснок, бананы, отруби",21.0,Gos juice,Галактоолигосахариды,synonim
"чечевица, горох, бобовые, молоко, кефир, соя, чеснок, бананы, отруби",21.0,Gos juices,Галактоолигосахариды,synonim
"чечевица, горох, бобовые, молоко, кефир, соя, чеснок, бананы, отруби",21.0,GOS JUICE,Галактоолигосахариды,synonim
"чечевица, горох, бобовые, молоко, кефир, соя, чеснок, бананы, отруби",21.0,GOS JUICES,Галактоолигосахариды,synonim
"чечевица, горох, бобовые, молоко, кефир, соя, чеснок, бананы, отруби",21.0,galactooligosaccharide,Галактоолигосахариды,synonim
"чечевица, горох, бобовые, молоко, кефир, соя, чеснок, бананы, отруби",21.0,galactooligosaccharides,Галактоолигосахариды,synonim
"чечевица, горох, бобовые, молоко, кефир, соя, чеснок, бананы, отруби",21.0,Galactooligosaccharide,Галактоолигосахариды,synonim
"чечевица, горох, бобовые, молоко, кефир, соя, чеснок, бананы, отруби",21.0,Galactooligosaccharides,Галактоолигосахариды,synonim
"чечевица, горох, бобовые, молоко, кефир, соя, чеснок, бананы, отруби",21.0,GALACTOOLIGOSACCHARIDE,Галактоолигосахариды,synonim
"чечевица, горох, бобовые, молоко, кефир, соя, чеснок, бананы, отруби",21.0,GALACTOOLIGOSACCHARIDES,Галактоолигосахариды,synonim
"чечевица, горох, бобовые, молоко, кефир, соя, чеснок, бананы, отруби",21.0,galacto-oligosaccharide,Галактоолигосахариды,synonim
"чечевица, горох, бобовые, молоко, кефир, соя, чеснок, бананы, отруби",21.0,galacto-oligosaccharides,Галактоолигосахариды,synonim
"чечевица, горох, бобовые, молоко, кефир, соя, чеснок, бананы, отруби",21.0,Galacto-oligosaccharide,Галактоолигосахариды,synonim
"чечевица, горох, бобовые, молоко, кефир, соя, чеснок, бананы, отруби",21.0,Galacto-oligosaccharides,Галактоолигосахариды,synonim
"чечевица, горох, бобовые, молоко, кефир, соя, чеснок, бананы, отруби",21.0,GALACTO-OLIGOSACCHARIDE,Галактоолигосахариды,synonim
"чечевица, горох, бобовые, молоко, кефир, соя, чеснок, бананы, отруби",21.0,GALACTO-OLIGOSACCHARIDES,Галактоолигосахариды,synonim
"чечевица, горох, бобовые, молоко, кефир, соя, чеснок, бананы, отруби",21.0,galacto oligosaccharide,Галактоолигосахариды,synonim
"чечевица, горох, бобовые, молоко, кефир, соя, чеснок, бананы, отруби",21.0,galacto oligosaccharides,Галактоолигосахариды,synonim
"чечевица, горох, бобовые, молоко, кефир, соя, чеснок, бананы, отруби",21.0,Galacto oligosaccharide,Галактоолигосахариды,synonim
"чечевица, горох, бобовые, молоко, кефир, соя, чеснок, бананы, отруби",21.0,Galacto oligosaccharides,Галактоолигосахариды,synonim
"чечевица, горох, бобовые, молоко, кефир, соя, чеснок, бананы, отруби",21.0,GALACTO OLIGOSACCHARIDE,Галактоолигосахариды,synonim
"чечевица, горох, бобовые, молоко, кефир, соя, чеснок, бананы, отруби",21.0,GALACTO OLIGOSACCHARIDES,Галактоолигосахариды,synonim
"чечевица, горох, бобовые, молоко, кефир, соя, чеснок, бананы, отруби",24.0,TOS,Транс-галактоолигосахариды,synonim
"чечевица, горох, бобовые, молоко, кефир, соя, чеснок, бананы, отруби",24.0,transgalactooligosaccharide,Транс-галактоолигосахариды,synonim
"чечевица, горох, бобовые, молоко, кефир, соя, чеснок, бананы, отруби",24.0,transgalactooligosaccharides,Транс-галактоолигосахариды,synonim
"чечевица, горох, бобовые, молоко, кефир, соя, чеснок, бананы, отруби",24.0,Transgalactooligosaccharide,Транс-галактоолигосахариды,synonim
"чечевица, горох, бобовые, молоко, кефир, соя, чеснок, бананы, отруби",24.0,Transgalactooligosaccharides,Транс-галактоолигосахариды,synonim
"чечевица, горох, бобовые, молоко, кефир, соя, чеснок, бананы, отруби",24.0,TRANSGALACTOOLIGOSACCHARIDE,Транс-галактоолигосахариды,synonim
"чечевица, горох, бобовые, молоко, кефир, соя, чеснок, бананы, отруби",24.0,TRANSGALACTOOLIGOSACCHARIDES,Транс-галактоолигосахариды,synonim
"чечевица, горох, бобовые, молоко, кефир, соя, чеснок, бананы, отруби",24.0,trans-galactooligosaccharide,Транс-галактоолигосахариды,synonim
"чечевица, горох, бобовые, молоко, кефир, соя, чеснок, бананы, отруби",24.0,trans-galactooligosaccharides,Транс-галактоолигосахариды,synonim
"чечевица, горох, бобовые, молоко, кефир, соя, чеснок, бананы, отруби",24.0,Trans-galactooligosaccharide,Транс-галактоолигосахариды,synonim
"чечевица, горох, бобовые, молоко, кефир, соя, чеснок, бананы, отруби",24.0,Trans-galactooligosaccharides,Транс-галактоолигосахариды,synonim
"чечевица, горох, бобовые, молоко, кефир, соя, чеснок, бананы, отруби",24.0,TRANS-GALACTOOLIGOSACCHARIDE,Транс-галактоолигосахариды,synonim
"чечевица, горох, бобовые, молоко, кефир, соя, чеснок, бананы, отруби",24.0,TRANS-GALACTOOLIGOSACCHARIDES,Транс-галактоолигосахариды,synonim
"чечевица, горох, бобовые, молоко, кефир, соя, чеснок, бананы, отруби",24.0,trans galactooligosaccharide,Транс-галактоолигосахариды,synonim
"чечевица, горох, бобовые, молоко, кефир, соя, чеснок, бананы, отруби",24.0,trans galactooligosaccharides,Транс-галактоолигосахариды,synonim
"чечевица, горох, бобовые, молоко, кефир, соя, чеснок, бананы, отруби",24.0,Trans galactooligosaccharide,Транс-галактоолигосахариды,synonim
"чечевица, горох, бобовые, молоко, кефир, соя, чеснок, бананы, отруби",24.0,Trans galactooligosaccharides,Транс-галактоолигосахариды,synonim
"чечевица, горох, бобовые, молоко, кефир, соя, чеснок, бананы, отруби",24.0,TRANS GALACTOOLIGOSACCHARIDE,Транс-галактоолигосахариды,synonim
"чечевица, горох, бобовые, молоко, кефир, соя, чеснок, бананы, отруби",24.0,TRANS GALACTOOLIGOSACCHARIDES,Транс-галактоолигосахариды,synonim
"чечевица, горох, бобовые, молоко, кефир, соя, чеснок, бананы, отруби",24.0,trans-galacto-oligosaccharide,Транс-галактоолигосахариды,synonim
"чечевица, горох, бобовые, молоко, кефир, соя, чеснок, бананы, отруби",24.0,trans-galacto-oligosaccharides,Транс-галактоолигосахариды,synonim
"чечевица, горох, бобовые, молоко, кефир, соя, чеснок, бананы, отруби",24.0,Trans-galacto-oligosaccharide,Транс-галактоолигосахариды,synonim
"чечевица, горох, бобовые, молоко, кефир, соя, чеснок, бананы, отруби",24.0,Trans-galacto-oligosaccharides,Транс-галактоолигосахариды,synonim
"чечевица, горох, бобовые, молоко, кефир, соя, чеснок, бананы, отруби",24.0,TRANS-GALACTO-OLIGOSACCHARIDE,Транс-галактоолигосахариды,synonim
"чечевица, горох, бобовые, молоко, кефир, соя, чеснок, бананы, отруби",24.0,TRANS-GALACTO-OLIGOSACCHARIDES,Транс-галактоолигосахариды,synonim
"чечевица, горох, бобовые, молоко, кефир, соя, чеснок, бананы, отруби",24.0,trans galacto oligosaccharide,Транс-галактоолигосахариды,synonim
"чечевица, горох, бобовые, молоко, кефир, соя, чеснок, бананы, отруби",24.0,trans galacto oligosaccharides,Транс-галактоолигосахариды,synonim
"чечевица, горох, бобовые, молоко, кефир, соя, чеснок, бананы, отруби",24.0,Trans galacto oligosaccharide,Транс-галактоолигосахариды,synonim
"чечевица, горох, бобовые, молоко, кефир, соя, чеснок, бананы, отруби",24.0,Trans galacto oligosaccharides,Транс-галактоолигосахариды,synonim
"чечевица, горох, бобовые, молоко, кефир, соя, чеснок, бананы, отруби",24.0,TRANS GALACTO OLIGOSACCHARIDE,Транс-галактоолигосахариды,synonim
"чечевица, горох, бобовые, молоко, кефир, соя, чеснок, бананы, отруби",24.0,TRANS GALACTO OLIGOSACCHARIDES,Транс-галактоолигосахариды,synonim
"цикорий, инжир, помидоры, овсяная и пшеничная крупы, ржаной хлеб",22.0,fructooligosaccharide,Фруктоолигосахариды,synonim
"цикорий, инжир, помидоры, овсяная и пшеничная крупы, ржаной хлеб",22.0,fructooligosaccharides,Фруктоолигосахариды,synonim
"цикорий, инжир, помидоры, овсяная и пшеничная крупы, ржаной хлеб",22.0,Fructooligosaccharide,Фруктоолигосахариды,synonim
"цикорий, инжир, помидоры, овсяная и пшеничная крупы, ржаной хлеб",22.0,Fructooligosaccharides,Фруктоолигосахариды,synonim
"цикорий, инжир, помидоры, овсяная и пшеничная крупы, ржаной хлеб",22.0,FRUCTOOLIGOSACCHARIDE,Фруктоолигосахариды,synonim
"цикорий, инжир, помидоры, овсяная и пшеничная крупы, ржаной хлеб",22.0,FRUCTOOLIGOSACCHARIDES,Фруктоолигосахариды,synonim
"цикорий, инжир, помидоры, овсяная и пшеничная крупы, ржаной хлеб",22.0,fructo-oligosaccharide,Фруктоолигосахариды,synonim
"цикорий, инжир, помидоры, овсяная и пшеничная крупы, ржаной хлеб",22.0,fructo-oligosaccharides,Фруктоолигосахариды,synonim
"цикорий, инжир, помидоры, овсяная и пшеничная крупы, ржаной хлеб",22.0,Fructo-oligosaccharide,Фруктоолигосахариды,synonim
"цикорий, инжир, помидоры, овсяная и пшеничная крупы, ржаной хлеб",22.0,Fructo-oligosaccharides,Фруктоолигосахариды,synonim
"цикорий, инжир, помидоры, овсяная и пшеничная крупы, ржаной хлеб",22.0,FRUCTO-OLIGOSACCHARIDE,Фруктоолигосахариды,synonim
"цикорий, инжир, помидоры, овсяная и пшеничная крупы, ржаной хлеб",22.0,FRUCTO-OLIGOSACCHARIDES,Фруктоолигосахариды,synonim
"цикорий, инжир, помидоры, овсяная и пшеничная крупы, ржаной хлеб",22.0,fructo oligosaccharide,Фруктоолигосахариды,synonim
"цикорий, инжир, помидоры, овсяная и пшеничная крупы, ржаной хлеб",22.0,fructo oligosaccharides,Фруктоолигосахариды,synonim
"цикорий, инжир, помидоры, овсяная и пшеничная крупы, ржаной хлеб",22.0,Fructo oligosaccharide,Фруктоолигосахариды,synonim
"цикорий, инжир, помидоры, овсяная и пшеничная крупы, ржаной хлеб",22.0,Fructo oligosaccharides,Фруктоолигосахариды,synonim
"цикорий, инжир, помидоры, овсяная и пшеничная крупы, ржаной хлеб",22.0,FRUCTO OLIGOSACCHARIDE,Фруктоолигосахариды,synonim
"цикорий, инжир, помидоры, овсяная и пшеничная крупы, ржаной хлеб",22.0,FRUCTO OLIGOSACCHARIDES,Фруктоолигосахариды,synonim
"злаки, отруби, вино",23.0,Xylosoligosaccharide,Ксилоолигосахариды,synonim
"злаки, отруби, вино",23.0,Xylosoligosaccharides,Ксилоолигосахариды,synonim
"злаки, отруби, вино",23.0,xylosoligosaccharide,Ксилоолигосахариды,synonim
"злаки, отруби, вино",23.0,xylosoligosaccharides,Ксилоолигосахариды,synonim
"злаки, отруби, вино",23.0,XYLOSOLIGOSACCHARIDE,Ксилоолигосахариды,synonim
"злаки, отруби, вино",23.0,XYLOSOLIGOSACCHARIDES,Ксилоолигосахариды,synonim
"злаки, отруби, вино",23.0,xylo-oligosaccharide,Ксилоолигосахариды,synonim
"злаки, отруби, вино",23.0,xylo-oligosaccharides,Ксилоолигосахариды,synonim
"злаки, отруби, вино",23.0,Xylo-oligosaccharide,Ксилоолигосахариды,synonim
"злаки, отруби, вино",23.0,Xylo-oligosaccharides,Ксилоолигосахариды,synonim
"злаки, отруби, вино",23.0,XYLO-OLIGOSACCHARIDE,Ксилоолигосахариды,synonim
"злаки, отруби, вино",23.0,XYLO-OLIGOSACCHARIDES,Ксилоолигосахариды,synonim
"злаки, отруби, вино",23.0,xylo oligosaccharide,Ксилоолигосахариды,synonim
"злаки, отруби, вино",23.0,xylo oligosaccharides,Ксилоолигосахариды,synonim
"злаки, отруби, вино",23.0,Xylo oligosaccharide,Ксилоолигосахариды,synonim
"злаки, отруби, вино",23.0,Xylo oligosaccharides,Ксилоолигосахариды,synonim
"злаки, отруби, вино",23.0,XYLO OLIGOSACCHARIDE,Ксилоолигосахариды,synonim
"злаки, отруби, вино",23.0,XYLO OLIGOSACCHARIDES,Ксилоолигосахариды,synonim
"морковь, редис, груши, кукуруза, зерновые, помидоры",25.0,LAGS,Лиственничный арабиногалактан,synonim
"морковь, редис, груши, кукуруза, зерновые, помидоры",25.0,lags,Лиственничный арабиногалактан,synonim
"морковь, редис, груши, кукуруза, зерновые, помидоры",25.0,Lags,Лиственничный арабиногалактан,synonim
"морковь, редис, груши, кукуруза, зерновые, помидоры",25.0,LAG,Лиственничный арабиногалактан,synonim
"морковь, редис, груши, кукуруза, зерновые, помидоры",25.0,Larch arabinogalactin,Лиственничный арабиногалактан,synonim
"морковь, редис, груши, кукуруза, зерновые, помидоры",25.0,Larch arabinogalactins,Лиственничный арабиногалактан,synonim
"морковь, редис, груши, кукуруза, зерновые, помидоры",25.0,larch arabinogalactin,Лиственничный арабиногалактан,synonim
"морковь, редис, груши, кукуруза, зерновые, помидоры",25.0,larch arabinogalactins,Лиственничный арабиногалактан,synonim
"морковь, редис, груши, кукуруза, зерновые, помидоры",25.0,LARCH ARABINOGALACTIN,Лиственничный арабиногалактан,synonim
"морковь, редис, груши, кукуруза, зерновые, помидоры",25.0,LARCH ARABINOGALACTINS,Лиственничный арабиногалактан,synonim
"цикорий, агава, бананы, пшеница, лук, спаржа, рожь, ячмень",27.0,OEIS,Обогащенный олигофруктозой инулин,synonim
"цикорий, агава, бананы, пшеница, лук, спаржа, рожь, ячмень",27.0,oeis,Обогащенный олигофруктозой инулин,synonim
"цикорий, агава, бананы, пшеница, лук, спаржа, рожь, ячмень",27.0,Oeis,Обогащенный олигофруктозой инулин,synonim
"цикорий, агава, бананы, пшеница, лук, спаржа, рожь, ячмень",27.0,OEI,Обогащенный олигофруктозой инулин,synonim
"цикорий, агава, бананы, пшеница, лук, спаржа, рожь, ячмень",27.0,oligofructose enriched inulin,Обогащенный олигофруктозой инулин,synonim
"цикорий, агава, бананы, пшеница, лук, спаржа, рожь, ячмень",27.0,oligofructose enriched inulins,Обогащенный олигофруктозой инулин,synonim
"цикорий, агава, бананы, пшеница, лук, спаржа, рожь, ячмень",27.0,Oligofructose enriched inulin,Обогащенный олигофруктозой инулин,synonim
"цикорий, агава, бананы, пшеница, лук, спаржа, рожь, ячмень",27.0,Oligofructose enriched inulins,Обогащенный олигофруктозой инулин,synonim
"цикорий, агава, бананы, пшеница, лук, спаржа, рожь, ячмень",27.0,OLIGOFRUCTOSE ENRICHED INULIN,Обогащенный олигофруктозой инулин,synonim
"цикорий, агава, бананы, пшеница, лук, спаржа, рожь, ячмень",27.0,OLIGOFRUCTOSE ENRICHED INULINS,Обогащенный олигофруктозой инулин,synonim
,28.0,Mannan Oligosaccharide,Маннановые олигосахариды,synonim
,28.0,Mannan Oligosaccharides,Маннановые олигосахариды,synonim
,28.0,mannan oligosaccharide,Маннановые олигосахариды,synonim
,28.0,mannan oligosaccharides,Маннановые олигосахариды,synonim
,28.0,Mannan oligosaccharide,Маннановые олигосахариды,synonim
,28.0,Mannan oligosaccharides,Маннановые олигосахариды,synonim
,28.0,MANNAN OLIGOSACCHARIDE,Маннановые олигосахариды,synonim
,28.0,MANNAN OLIGOSACCHARIDES,Маннановые олигосахариды,synonim
,28.0,MOS,Маннановые олигосахариды,synonim
,28.0,mannanoligosaccharide,Маннановые олигосахариды,synonim
,28.0,mannanoligosaccharides,Маннановые олигосахариды,synonim
,28.0,Mannanoligosaccharide,Маннановые олигосахариды,synonim
,28.0,Mannanoligosaccharides,Маннановые олигосахариды,synonim
,28.0,MANNANOLIGOSACCHARIDE,Маннановые олигосахариды,synonim
,28.0,MANNANOLIGOSACCHARIDES,Маннановые олигосахариды,synonim
,29.0,lactulose galactooligosaccharide,Лактулозные галактоолигосахариды,synonim
,29.0,lactulose galactooligosaccharides,Лактулозные галактоолигосахариды,synonim
,29.0,Lactulose galactooligosaccharide,Лактулозные галактоолигосахариды,synonim
,29.0,Lactulose galactooligosaccharides,Лактулозные галактоолигосахариды,synonim
,29.0,LACTULOSE GALACTOOLIGOSACCHARIDE,Лактулозные галактоолигосахариды,synonim
,29.0,LACTULOSE GALACTOOLIGOSACCHARIDES,Лактулозные галактоолигосахариды,synonim
,29.0,lactulose galacto-oligosaccharide,Лактулозные галактоолигосахариды,synonim
,29.0,lactulose galacto-oligosaccharides,Лактулозные галактоолигосахариды,synonim
,29.0,Lactulose galacto-oligosaccharide,Лактулозные галактоолигосахариды,synonim
,29.0,Lactulose galacto-oligosaccharides,Лактулозные галактоолигосахариды,synonim
,29.0,LACTULOSE GALACTO-OLIGOSACCHARIDE,Лактулозные галактоолигосахариды,synonim
,29.0,LACTULOSE GALACTO-OLIGOSACCHARIDES,Лактулозные галактоолигосахариды,synonim
,29.0,lactulose galacto oligosaccharide,Лактулозные галактоолигосахариды,synonim
,29.0,lactulose galacto oligosaccharides,Лактулозные галактоолигосахариды,synonim
,29.0,Lactulose galacto oligosaccharide,Лактулозные галактоолигосахариды,synonim
,29.0,Lactulose galacto oligosaccharides,Лактулозные галактоолигосахариды,synonim
,29.0,LACTULOSE GALACTO OLIGOSACCHARIDE,Лактулозные галактоолигосахариды,synonim
,29.0,LACTULOSE GALACTO OLIGOSACCHARIDES,Лактулозные галактоолигосахариды,synonim
,30.0,lactose galactooligosaccharide,Лактозные галактоолигосахариды,synonim
,30.0,lactose galactooligosaccharides,Лактозные галактоолигосахариды,synonim
,30.0,Lactose galactooligosaccharide,Лактозные галактоолигосахариды,synonim
,30.0,Lactose galactooligosaccharides,Лактозные галактоолигосахариды,synonim
,30.0,LACTOSE GALACTOOLIGOSACCHARIDE,Лактозные галактоолигосахариды,synonim
,30.0,LACTOSE GALACTOOLIGOSACCHARIDES,Лактозные галактоолигосахариды,synonim
,30.0,lactose galacto-oligosaccharide,Лактозные галактоолигосахариды,synonim
,30.0,lactose galacto-oligosaccharides,Лактозные галактоолигосахариды,synonim
,30.0,Lactose galacto-oligosaccharide,Лактозные галактоолигосахариды,synonim
,30.0,Lactose galacto-oligosaccharides,Лактозные галактоолигосахариды,synonim
,30.0,LACTOSE GALACTO-OLIGOSACCHARIDE,Лактозные галактоолигосахариды,synonim
,30.0,LACTOSE GALACTO-OLIGOSACCHARIDES,Лактозные галактоолигосахариды,synonim
,30.0,lactose galacto oligosaccharide,Лактозные галактоолигосахариды,synonim
,30.0,lactose galacto oligosaccharides,Лактозные галактоолигосахариды,synonim
,30.0,Lactose galacto oligosaccharide,Лактозные галактоолигосахариды,synonim
,30.0,Lactose galacto oligosaccharides,Лактозные галактоолигосахариды,synonim
,30.0,LACTOSE GALACTO OLIGOSACCHARIDE,Лактозные галактоолигосахариды,synonim
,30.0,LACTOSE GALACTO OLIGOSACCHARIDES,Лактозные галактоолигосахариды,synonim
"злаковые, отруби, вино, ксилитол, соя, корни тапинамбура, агава, цикорий, лук, крахмал, мисо, бобовые, овёс",31.0,nondigestible oligosaccharides,Неперевариваемые олигосахариды,synonim
"злаковые, отруби, вино, ксилитол, соя, корни тапинамбура, агава, цикорий, лук, крахмал, мисо, бобовые, овёс",31.0,nondigestible oligosaccharidess,Неперевариваемые олигосахариды,synonim
"злаковые, отруби, вино, ксилитол, соя, корни тапинамбура, агава, цикорий, лук, крахмал, мисо, бобовые, овёс",31.0,Nondigestible oligosaccharides,Неперевариваемые олигосахариды,synonim
"злаковые, отруби, вино, ксилитол, соя, корни тапинамбура, агава, цикорий, лук, крахмал, мисо, бобовые, овёс",31.0,Nondigestible oligosaccharidess,Неперевариваемые олигосахариды,synonim
"злаковые, отруби, вино, ксилитол, соя, корни тапинамбура, агава, цикорий, лук, крахмал, мисо, бобовые, овёс",31.0,NONDIGESTIBLE OLIGOSACCHARIDES,Неперевариваемые олигосахариды,synonim
"злаковые, отруби, вино, ксилитол, соя, корни тапинамбура, агава, цикорий, лук, крахмал, мисо, бобовые, овёс",31.0,NONDIGESTIBLE OLIGOSACCHARIDESS,Неперевариваемые олигосахариды,synonim
"злаковые, отруби, вино, ксилитол, соя, корни тапинамбура, агава, цикорий, лук, крахмал, мисо, бобовые, овёс",31.0,NDOES,Неперевариваемые олигосахариды,synonim
"злаковые, отруби, вино, ксилитол, соя, корни тапинамбура, агава, цикорий, лук, крахмал, мисо, бобовые, овёс",31.0,ndoes,Неперевариваемые олигосахариды,synonim
"злаковые, отруби, вино, ксилитол, соя, корни тапинамбура, агава, цикорий, лук, крахмал, мисо, бобовые, овёс",31.0,Ndoes,Неперевариваемые олигосахариды,synonim
"злаковые, отруби, вино, ксилитол, соя, корни тапинамбура, агава, цикорий, лук, крахмал, мисо, бобовые, овёс",31.0,NDO,Неперевариваемые олигосахариды,synonim
"злаковые, отруби, вино, ксилитол, соя, корни тапинамбура, агава, цикорий, лук, крахмал, мисо, бобовые, овёс",31.0,non-digestible oligosaccharides,Неперевариваемые олигосахариды,synonim
"злаковые, отруби, вино, ксилитол, соя, корни тапинамбура, агава, цикорий, лук, крахмал, мисо, бобовые, овёс",31.0,non-digestible oligosaccharidess,Неперевариваемые олигосахариды,synonim
"злаковые, отруби, вино, ксилитол, соя, корни тапинамбура, агава, цикорий, лук, крахмал, мисо, бобовые, овёс",31.0,Non-digestible oligosaccharides,Неперевариваемые олигосахариды,synonim
"злаковые, отруби, вино, ксилитол, соя, корни тапинамбура, агава, цикорий, лук, крахмал, мисо, бобовые, овёс",31.0,Non-digestible oligosaccharidess,Неперевариваемые олигосахариды,synonim
"злаковые, отруби, вино, ксилитол, соя, корни тапинамбура, агава, цикорий, лук, крахмал, мисо, бобовые, овёс",31.0,NON-DIGESTIBLE OLIGOSACCHARIDES,Неперевариваемые олигосахариды,synonim
"злаковые, отруби, вино, ксилитол, соя, корни тапинамбура, агава, цикорий, лук, крахмал, мисо, бобовые, овёс",31.0,NON-DIGESTIBLE OLIGOSACCHARIDESS,Неперевариваемые олигосахариды,synonim
"картофель, кукуруза",32.0,Pirodextrin,Пиродекстрин,synonim
"картофель, кукуруза",32.0,Pirodextrins,Пиродекстрин,synonim
"картофель, кукуруза",32.0,pirodextrin,Пиродекстрин,synonim
"картофель, кукуруза",32.0,pirodextrins,Пиродекстрин,synonim
"картофель, кукуруза",32.0,PIRODEXTRIN,Пиродекстрин,synonim
"картофель, кукуруза",32.0,PIRODEXTRINS,Пиродекстрин,synonim
"злаки, рис, отруби",33.0,Arabinoxilan,Арабиноксилан,synonim
"злаки, рис, отруби",33.0,Arabinoxilans,Арабиноксилан,synonim
"злаки, рис, отруби",33.0,arabinoxilan,Арабиноксилан,synonim
"злаки, рис, отруби",33.0,arabinoxilans,Арабиноксилан,synonim
"злаки, рис, отруби",33.0,ARABINOXILAN,Арабиноксилан,synonim
"злаки, рис, отруби",33.0,ARABINOXILANS,Арабиноксилан,synonim
,34.0,Fibre,Волокна,synonim
,34.0,Fibres,Волокна,synonim
,34.0,fibre,Волокна,synonim
,34.0,fibres,Волокна,synonim
,34.0,FIBRE,Волокна,synonim
,34.0,FIBRES,Волокна,synonim
,34.0,high dietary fiber,Волокна,synonim
,34.0,high dietary fibers,Волокна,synonim
,34.0,High dietary fiber,Волокна,synonim
,34.0,High dietary fibers,Волокна,synonim
,34.0,HIGH DIETARY FIBER,Волокна,synonim
,34.0,HIGH DIETARY FIBERS,Волокна,synonim
,34.0,high dietary fibre,Волокна,synonim
,34.0,high dietary fibres,Волокна,synonim
,34.0,High dietary fibre,Волокна,synonim
,34.0,High dietary fibres,Волокна,synonim
,34.0,HIGH DIETARY FIBRE,Волокна,synonim
,34.0,HIGH DIETARY FIBRES,Волокна,synonim
,34.0,high fiber diet,Волокна,synonim
,34.0,high fiber diets,Волокна,synonim
,34.0,High fiber diet,Волокна,synonim
,34.0,High fiber diets,Волокна,synonim
,34.0,HIGH FIBER DIET,Волокна,synonim
,34.0,HIGH FIBER DIETS,Волокна,synonim
,34.0,high-fiber fruit,Волокна,synonim
,34.0,high-fiber fruits,Волокна,synonim
,34.0,High-fiber fruit,Волокна,synonim
,34.0,High-fiber fruits,Волокна,synonim
,34.0,HIGH-FIBER FRUIT,Волокна,synonim
,34.0,HIGH-FIBER FRUITS,Волокна,synonim
,34.0,high-fibre fruit,Волокна,synonim
,34.0,high-fibre fruits,Волокна,synonim
,34.0,High-fibre fruit,Волокна,synonim
,34.0,High-fibre fruits,Волокна,synonim
,34.0,HIGH-FIBRE FRUIT,Волокна,synonim
,34.0,HIGH-FIBRE FRUITS,Волокна,synonim
,35.0,IMOES,Изомальтоолигосахариды,synonim
,35.0,imoes,Изомальтоолигосахариды,synonim
,35.0,Imoes,Изомальтоолигосахариды,synonim
,35.0,IMO,Изомальтоолигосахариды,synonim
"орехи, отруби, семена, бурый рис, зерновые, фрукты, грибы, ракообразные, овёс, отруби, фасоль, ячмень, лён, ягоды, соя, бананы, апельсины, яблоки, морковь",1.0,Betaglucan,Бета-глюкан,sci_name
"орехи, отруби, семена, бурый рис, зерновые, фрукты, грибы, ракообразные, овёс, отруби, фасоль, ячмень, лён, ягоды, соя, бананы, апельсины, яблоки, морковь",1.0,Betaglucans,Бета-глюкан,sci_name
"орехи, отруби, семена, бурый рис, зерновые, фрукты, грибы, ракообразные, овёс, отруби, фасоль, ячмень, лён, ягоды, соя, бананы, апельсины, яблоки, морковь",1.0,betaglucan,Бета-глюкан,sci_name
"орехи, отруби, семена, бурый рис, зерновые, фрукты, грибы, ракообразные, овёс, отруби, фасоль, ячмень, лён, ягоды, соя, бананы, апельсины, яблоки, морковь",1.0,betaglucans,Бета-глюкан,sci_name
"орехи, отруби, семена, бурый рис, зерновые, фрукты, грибы, ракообразные, овёс, отруби, фасоль, ячмень, лён, ягоды, соя, бананы, апельсины, яблоки, морковь",1.0,BETAGLUCAN,Бета-глюкан,sci_name
"орехи, отруби, семена, бурый рис, зерновые, фрукты, грибы, ракообразные, овёс, отруби, фасоль, ячмень, лён, ягоды, соя, бананы, апельсины, яблоки, морковь",1.0,BETAGLUCANS,Бета-глюкан,sci_name
"орехи, отруби, семена, бурый рис, зерновые, фрукты",2.0,Cellulose,Целлюлоза,sci_name
"орехи, отруби, семена, бурый рис, зерновые, фрукты",2.0,Celluloses,Целлюлоза,sci_name
"орехи, отруби, семена, бурый рис, зерновые, фрукты",2.0,cellulose,Целлюлоза,sci_name
"орехи, отруби, семена, бурый рис, зерновые, фрукты",2.0,celluloses,Целлюлоза,sci_name
"орехи, отруби, семена, бурый рис, зерновые, фрукты",2.0,CELLULOSE,Целлюлоза,sci_name
"орехи, отруби, семена, бурый рис, зерновые, фрукты",2.0,CELLULOSES,Целлюлоза,sci_name
"грибы, ракообразные",3.0,Chitin,Хитин,sci_name
"грибы, ракообразные",3.0,Chitins,Хитин,sci_name
"грибы, ракообразные",3.0,chitin,Хитин,sci_name
"грибы, ракообразные",3.0,chitins,Хитин,sci_name
"грибы, ракообразные",3.0,CHITIN,Хитин,sci_name
"грибы, ракообразные",3.0,CHITINS,Хитин,sci_name
"зерновые, отруби, бобовые",4.0,Hemicellulose,Гемицеллюлоза,sci_name
"зерновые, отруби, бобовые",4.0,Hemicelluloses,Гемицеллюлоза,sci_name
"зерновые, отруби, бобовые",4.0,hemicellulose,Гемицеллюлоза,sci_name
"зерновые, отруби, бобовые",4.0,hemicelluloses,Гемицеллюлоза,sci_name
"зерновые, отруби, бобовые",4.0,HEMICELLULOSE,Гемицеллюлоза,sci_name
"зерновые, отруби, бобовые",4.0,HEMICELLULOSES,Гемицеллюлоза,sci_name
"зерновые, ячмень",5.0,Hexose,Гексоза,sci_name
"зерновые, ячмень",5.0,Hexoses,Гексоза,sci_name
"зерновые, ячмень",5.0,hexose,Гексоза,sci_name
"зерновые, ячмень",5.0,hexoses,Гексоза,sci_name
"зерновые, ячмень",5.0,HEXOSE,Гексоза,sci_name
"зерновые, ячмень",5.0,HEXOSES,Гексоза,sci_name
"рожь, овёс",6.0,Pentose,Пентоза,sci_name
"рожь, овёс",6.0,Pentoses,Пентоза,sci_name
"рожь, овёс",6.0,pentose,Пентоза,sci_name
"рожь, овёс",6.0,pentoses,Пентоза,sci_name
"рожь, овёс",6.0,PENTOSE,Пентоза,sci_name
"рожь, овёс",6.0,PENTOSES,Пентоза,sci_name
"фасоль, зерновые",7.0,Lignin,Лигнин,sci_name
"фасоль, зерновые",7.0,Lignins,Лигнин,sci_name
"фасоль, зерновые",7.0,lignin,Лигнин,sci_name
"фасоль, зерновые",7.0,lignins,Лигнин,sci_name
"фасоль, зерновые",7.0,LIGNIN,Лигнин,sci_name
"фасоль, зерновые",7.0,LIGNINS,Лигнин,sci_name
загустители,8.0,Xanthan gum,Ксантановая камедь,sci_name
загустители,8.0,Xanthan gums,Ксантановая камедь,sci_name
загустители,8.0,xanthan gum,Ксантановая камедь,sci_name
загустители,8.0,xanthan gums,Ксантановая камедь,sci_name
загустители,8.0,XANTHAN GUM,Ксантановая камедь,sci_name
загустители,8.0,XANTHAN GUMS,Ксантановая камедь,sci_name
"кукуруза, ячмень, пшеница, бобовые, бананы",9.0,Resistant starch,Устойчивый крахмал,sci_name
"кукуруза, ячмень, пшеница, бобовые, бананы",9.0,Resistant starches,Устойчивый крахмал,sci_name
"кукуруза, ячмень, пшеница, бобовые, бананы",9.0,resistant starch,Устойчивый крахмал,sci_name
"кукуруза, ячмень, пшеница, бобовые, бананы",9.0,resistant starches,Устойчивый крахмал,sci_name
"кукуруза, ячмень, пшеница, бобовые, бананы",9.0,RESISTANT STARCH,Устойчивый крахмал,sci_name
"кукуруза, ячмень, пшеница, бобовые, бананы",9.0,RESISTANT STARCHES,Устойчивый крахмал,sci_name
"корни тапинамбура, агава, цикорий",10.0,Inulin,Инулин,sci_name
"корни тапинамбура, агава, цикорий",10.0,Inulins,Инулин,sci_name
"корни тапинамбура, агава, цикорий",10.0,inulin,Инулин,sci_name
"корни тапинамбура, агава, цикорий",10.0,inulins,Инулин,sci_name
"корни тапинамбура, агава, цикорий",10.0,INULIN,Инулин,sci_name
"корни тапинамбура, агава, цикорий",10.0,INULINS,Инулин,sci_name
"яблоки, айва, овощи, запеченые яблоки, водоросли",11.0,Polyuronide,Полиуронид,sci_name
"яблоки, айва, овощи, запеченые яблоки, водоросли",11.0,Polyuronides,Полиуронид,sci_name
"яблоки, айва, овощи, запеченые яблоки, водоросли",11.0,polyuronide,Полиуронид,sci_name
"яблоки, айва, овощи, запеченые яблоки, водоросли",11.0,polyuronides,Полиуронид,sci_name
"яблоки, айва, овощи, запеченые яблоки, водоросли",11.0,POLYURONIDE,Полиуронид,sci_name
"яблоки, айва, овощи, запеченые яблоки, водоросли",11.0,POLYURONIDES,Полиуронид,sci_name
"яблоки, айва, овощи, запеченые яблоки",12.0,Pectin,Пектин,sci_name
"яблоки, айва, овощи, запеченые яблоки",12.0,Pectins,Пектин,sci_name
"яблоки, айва, овощи, запеченые яблоки",12.0,pectin,Пектин,sci_name
"яблоки, айва, овощи, запеченые яблоки",12.0,pectins,Пектин,sci_name
"яблоки, айва, овощи, запеченые яблоки",12.0,PECTIN,Пектин,sci_name
"яблоки, айва, овощи, запеченые яблоки",12.0,PECTINS,Пектин,sci_name
водоросли,13.0,Alginic acid,Альгиновая кислота,sci_name
водоросли,13.0,Alginic acids,Альгиновая кислота,sci_name
водоросли,13.0,alginic acid,Альгиновая кислота,sci_name
водоросли,13.0,alginic acids,Альгиновая кислота,sci_name
водоросли,13.0,ALGINIC ACID,Альгиновая кислота,sci_name
водоросли,13.0,ALGINIC ACIDS,Альгиновая кислота,sci_name
бобовые,14.0,Raffinose,Раффиноза,sci_name
бобовые,14.0,Raffinoses,Раффиноза,sci_name
бобовые,14.0,raffinose,Раффиноза,sci_name
бобовые,14.0,raffinoses,Раффиноза,sci_name
бобовые,14.0,RAFFINOSE,Раффиноза,sci_name
бобовые,14.0,RAFFINOSES,Раффиноза,sci_name
рожь,15.0,Xylose,Ксилоза,sci_name
рожь,15.0,Xyloses,Ксилоза,sci_name
рожь,15.0,xylose,Ксилоза,sci_name
рожь,15.0,xyloses,Ксилоза,sci_name
рожь,15.0,XYLOSE,Ксилоза,sci_name
рожь,15.0,XYLOSES,Ксилоза,sci_name
,16.0,Polydextrose,Полидекстроза,sci_name
,16.0,Polydextroses,Полидекстроза,sci_name
,16.0,polydextrose,Полидекстроза,sci_name
,16.0,polydextroses,Полидекстроза,sci_name
,16.0,POLYDEXTROSE,Полидекстроза,sci_name
,16.0,POLYDEXTROSES,Полидекстроза,sci_name
,17.0,Lactulose,Лактулоза,sci_name
,17.0,Lactuloses,Лактулоза,sci_name
,17.0,lactulose,Лактулоза,sci_name
,17.0,lactuloses,Лактулоза,sci_name
,17.0,LACTULOSE,Лактулоза,sci_name
,17.0,LACTULOSES,Лактулоза,sci_name
"лук, артишок, цикорий, лук-порей, чеснок, овсяные хлопья, ячмень, рожь",18.0,Oligofructose,Олигофруктоза,sci_name
"лук, артишок, цикорий, лук-порей, чеснок, овсяные хлопья, ячмень, рожь",18.0,Oligofructoses,Олигофруктоза,sci_name
"лук, артишок, цикорий, лук-порей, чеснок, овсяные хлопья, ячмень, рожь",18.0,oligofructose,Олигофруктоза,sci_name
"лук, артишок, цикорий, лук-порей, чеснок, овсяные хлопья, ячмень, рожь",18.0,oligofructoses,Олигофруктоза,sci_name
"лук, артишок, цикорий, лук-порей, чеснок, овсяные хлопья, ячмень, рожь",18.0,OLIGOFRUCTOSE,Олигофруктоза,sci_name
"лук, артишок, цикорий, лук-порей, чеснок, овсяные хлопья, ячмень, рожь",18.0,OLIGOFRUCTOSES,Олигофруктоза,sci_name
,19.0,Psyllium,Псиллиум,sci_name
,19.0,Psylliums,Псиллиум,sci_name
,19.0,psyllium,Псиллиум,sci_name
,19.0,psylliums,Псиллиум,sci_name
,19.0,PSYLLIUM,Псиллиум,sci_name
,19.0,PSYLLIUMS,Псиллиум,sci_name
"картофель, зерновые",20.0,Dextrin,Декстрин,sci_name
"картофель, зерновые",20.0,Dextrins,Декстрин,sci_name
"картофель, зерновые",20.0,dextrin,Декстрин,sci_name
"картофель, зерновые",20.0,dextrins,Декстрин,sci_name
"картофель, зерновые",20.0,DEXTRIN,Декстрин,sci_name
"картофель, зерновые",20.0,DEXTRINS,Декстрин,sci_name
"чечевица, горох, бобовые, молоко, кефир, соя, чеснок, бананы, отруби",21.0,GOS,Галактоолигосахариды,sci_name
"чечевица, горох, бобовые, молоко, кефир, соя, чеснок, бананы, отруби",24.0,TGOS,Транс-галактоолигосахариды,sci_name
"чечевица, горох, бобовые, молоко, кефир, соя, чеснок, бананы, отруби",24.0,tgos,Транс-галактоолигосахариды,sci_name
"чечевица, горох, бобовые, молоко, кефир, соя, чеснок, бананы, отруби",24.0,Tgos,Транс-галактоолигосахариды,sci_name
"чечевица, горох, бобовые, молоко, кефир, соя, чеснок, бананы, отруби",24.0,TGO,Транс-галактоолигосахариды,sci_name
"цикорий, инжир, помидоры, овсяная и пшеничная крупы, ржаной хлеб",22.0,FOS,Фруктоолигосахариды,sci_name
"злаки, отруби, вино",23.0,XOS,Ксилоолигосахариды,sci_name
"морковь, редис, груши, кукуруза, зерновые, помидоры",25.0,Larch arabinogalactan,Лиственничный арабиногалактан,sci_name
"морковь, редис, груши, кукуруза, зерновые, помидоры",25.0,Larch arabinogalactans,Лиственничный арабиногалактан,sci_name
"морковь, редис, груши, кукуруза, зерновые, помидоры",25.0,larch arabinogalactan,Лиственничный арабиногалактан,sci_name
"морковь, редис, груши, кукуруза, зерновые, помидоры",25.0,larch arabinogalactans,Лиственничный арабиногалактан,sci_name
"морковь, редис, груши, кукуруза, зерновые, помидоры",25.0,LARCH ARABINOGALACTAN,Лиственничный арабиногалактан,sci_name
"морковь, редис, груши, кукуруза, зерновые, помидоры",25.0,LARCH ARABINOGALACTANS,Лиственничный арабиногалактан,sci_name
"цикорий, агава, бананы, пшеница, лук, спаржа, рожь, ячмень",27.0,Oligofructose-Enriched Inulin,Обогащенный олигофруктозой инулин,sci_name
"цикорий, агава, бананы, пшеница, лук, спаржа, рожь, ячмень",27.0,Oligofructose-Enriched Inulins,Обогащенный олигофруктозой инулин,sci_name
"цикорий, агава, бананы, пшеница, лук, спаржа, рожь, ячмень",27.0,oligofructose-enriched inulin,Обогащенный олигофруктозой инулин,sci_name
"цикорий, агава, бананы, пшеница, лук, спаржа, рожь, ячмень",27.0,oligofructose-enriched inulins,Обогащенный олигофруктозой инулин,sci_name
"цикорий, агава, бананы, пшеница, лук, спаржа, рожь, ячмень",27.0,Oligofructose-enriched inulin,Обогащенный олигофруктозой инулин,sci_name
"цикорий, агава, бананы, пшеница, лук, спаржа, рожь, ячмень",27.0,Oligofructose-enriched inulins,Обогащенный олигофруктозой инулин,sci_name
"цикорий, агава, бананы, пшеница, лук, спаржа, рожь, ячмень",27.0,OLIGOFRUCTOSE-ENRICHED INULIN,Обогащенный олигофруктозой инулин,sci_name
"цикорий, агава, бананы, пшеница, лук, спаржа, рожь, ячмень",27.0,OLIGOFRUCTOSE-ENRICHED INULINS,Обогащенный олигофруктозой инулин,sci_name
,28.0,Mannan-oligosaccharide,Маннановые олигосахариды,sci_name
,28.0,Mannan-oligosaccharides,Маннановые олигосахариды,sci_name
,28.0,mannan-oligosaccharide,Маннановые олигосахариды,sci_name
,28.0,mannan-oligosaccharides,Маннановые олигосахариды,sci_name
,28.0,MANNAN-OLIGOSACCHARIDE,Маннановые олигосахариды,sci_name
,28.0,MANNAN-OLIGOSACCHARIDES,Маннановые олигосахариды,sci_name
,29.0,GOS-lu,Лактулозные галактоолигосахариды,sci_name
,29.0,GOS-lus,Лактулозные галактоолигосахариды,sci_name
,29.0,gos-lu,Лактулозные галактоолигосахариды,sci_name
,29.0,gos-lus,Лактулозные галактоолигосахариды,sci_name
,29.0,Gos-lu,Лактулозные галактоолигосахариды,sci_name
,29.0,Gos-lus,Лактулозные галактоолигосахариды,sci_name
,29.0,GOS-LU,Лактулозные галактоолигосахариды,sci_name
,29.0,GOS-LUS,Лактулозные галактоолигосахариды,sci_name
,30.0,GOS-la,Лактозные галактоолигосахариды,sci_name
,30.0,GOS-las,Лактозные галактоолигосахариды,sci_name
,30.0,gos-la,Лактозные галактоолигосахариды,sci_name
,30.0,gos-las,Лактозные галактоолигосахариды,sci_name
,30.0,Gos-la,Лактозные галактоолигосахариды,sci_name
,30.0,Gos-las,Лактозные галактоолигосахариды,sci_name
,30.0,GOS-LA,Лактозные галактоолигосахариды,sci_name
,30.0,GOS-LAS,Лактозные галактоолигосахариды,sci_name
"злаковые, отруби, вино, ксилитол, соя, корни тапинамбура, агава, цикорий, лук, крахмал, мисо, бобовые, овёс",31.0,Nondigestible oligosaccharide,Неперевариваемые олигосахариды,sci_name
"злаковые, отруби, вино, ксилитол, соя, корни тапинамбура, агава, цикорий, лук, крахмал, мисо, бобовые, овёс",31.0,Nondigestible oligosaccharides,Неперевариваемые олигосахариды,sci_name
"злаковые, отруби, вино, ксилитол, соя, корни тапинамбура, агава, цикорий, лук, крахмал, мисо, бобовые, овёс",31.0,nondigestible oligosaccharide,Неперевариваемые олигосахариды,sci_name
"злаковые, отруби, вино, ксилитол, соя, корни тапинамбура, агава, цикорий, лук, крахмал, мисо, бобовые, овёс",31.0,nondigestible oligosaccharides,Неперевариваемые олигосахариды,sci_name
"злаковые, отруби, вино, ксилитол, соя, корни тапинамбура, агава, цикорий, лук, крахмал, мисо, бобовые, овёс",31.0,NONDIGESTIBLE OLIGOSACCHARIDE,Неперевариваемые олигосахариды,sci_name
"злаковые, отруби, вино, ксилитол, соя, корни тапинамбура, агава, цикорий, лук, крахмал, мисо, бобовые, овёс",31.0,NONDIGESTIBLE OLIGOSACCHARIDES,Неперевариваемые олигосахариды,sci_name
"картофель, кукуруза",32.0,Pyrodextrin,Пиродекстрин,sci_name
"картофель, кукуруза",32.0,Pyrodextrins,Пиродекстрин,sci_name
"картофель, кукуруза",32.0,pyrodextrin,Пиродекстрин,sci_name
"картофель, кукуруза",32.0,pyrodextrins,Пиродекстрин,sci_name
"картофель, кукуруза",32.0,PYRODEXTRIN,Пиродекстрин,sci_name
"картофель, кукуруза",32.0,PYRODEXTRINS,Пиродекстрин,sci_name
"злаки, рис, отруби",33.0,Arabinoxylan,Арабиноксилан,sci_name
"злаки, рис, отруби",33.0,Arabinoxylans,Арабиноксилан,sci_name
"злаки, рис, отруби",33.0,arabinoxylan,Арабиноксилан,sci_name
"злаки, рис, отруби",33.0,arabinoxylans,Арабиноксилан,sci_name
"злаки, рис, отруби",33.0,ARABINOXYLAN,Арабиноксилан,sci_name
"злаки, рис, отруби",33.0,ARABINOXYLANS,Арабиноксилан,sci_name
,34.0,Fiber,Волокна,sci_name
,34.0,Fibers,Волокна,sci_name
,34.0,fiber,Волокна,sci_name
,34.0,fibers,Волокна,sci_name
,34.0,FIBER,Волокна,sci_name
,34.0,FIBERS,Волокна,sci_name
,35.0,isomalto-oligosaccharides,Изомальтоолигосахариды,sci_name
,35.0,isomalto-oligosaccharide,Изомальтоолигосахариды,sci_name
,35.0,Isomalto-oligosaccharides,Изомальтоолигосахариды,sci_name
,35.0,Isomalto-oligosaccharide,Изомальтоолигосахариды,sci_name
,35.0,ISOMALTO-OLIGOSACCHARIDES,Изомальтоолигосахариды,sci_name
,35.0,ISOMALTO-OLIGOSACCHARIDE,Изомальтоолигосахариды,sci_name
,36.0,soya-oligosaccharides,Соевые олигосахариды,sci_name
,36.0,soya-oligosaccharide,Соевые олигосахариды,sci_name
,36.0,Soya-oligosaccharides,Соевые олигосахариды,sci_name
,36.0,Soya-oligosaccharide,Соевые олигосахариды,sci_name
,36.0,SOYA-OLIGOSACCHARIDES,Соевые олигосахариды,sci_name
,36.0,SOYA-OLIGOSACCHARIDE,Соевые олигосахариды,sci_name
