Escherichia coli	agar	275
Lactobacillus	agar	71
Peptoclostridium difficile	agar	68
Brucella	agar	51
Lactococcus lactis	nisin	48
Salmonella	agar	44
Pseudomonas aeruginosa	agar	43
Lactobacillus plantarum	tannic	38
unidentified plasmid	agar	38
Campylobacter jejuni	agar	38
Streptomyces aureus	agar	36
Roseovarius albus	cellulose	34
Enterobacteriaceae	agar	32
Bacteroidia	cellulose	32
Bifidobacterium	agar	31
Cyanobacteria	nitrogen	31
Archaea	hydrogen	30
Bacteroides	agar	30
Firmicutes	cellulose	28
Escherichia faecalis	agar	26
Wolbachia	riboflavin	25
Escherichia coli	nitrogen	25
Listeria monocytogenes	agar	24
Escherichia coli	cellulose	23
Clostridium perfringens	agar	23
Lactobacillus	lactic	23
Lactobacillus plantarum	tannase	22
Escherichia coli	ethanol	22
Escherichia coli	hydrogen	22
Lactobacillus	hydrogen	21
Desulfovibrio vulgaris	hydrogen	20
Prevotella	cellulose	20
Enterococcus	agar	20
Bacteroides	pectin	19
Enterococcus faecium	agar	19
Porphyromonas gingivalis	agar	19
Clostridium	cellulose	19
Peptoclostridium difficile	nisin	18
Campylobacter	agar	18
Enterobacteriales	agar	17
Actinobacteria	cellulose	17
Ruminiclostridium thermocellum	cellulose	17
Salmonella	hydrogen	17
Bacillus subtilis	cellulose	17
Methanosphaera stadtmanae	methanol	17
plasmids	agar	16
Propionibacterium acnes	propionic	16
Escherichia coli	N-acetylglucosamine	15
Archaea	nitrogen	15
Escherichia coli	dextran	15
Escherichia coli	arabinose	15
Ruminococcus	cellulose	15
Pseudomonas	agar	14
Methanomassiliicoccus luminyensis	methanol	14
Clostridiales	cellulose	13
Helicobacter pylori	agar	13
Streptococcus	agar	13
Salmonella	nitrogen	13
Citrobacter rodentium	agar	13
Clostridium	agar	12
Fibrobacter succinogenes	cellulose	12
Blattabacterium	nitrogen	12
Bacteroides fragilis	agar	12
Desulfovibrio	hydrogen	11
Escherichia coli	Agar	11
Lactobacillus plantarum	agar	11
Streptococcus mutans	agar	11
Bacillus subtilis	agar	11
Bacteroides	cellulose	11
Heliobacterium modesticaldum	nitrogen	11
Lachnoclostridium phytofermentans	cellulose	11
Ruminococcaceae	cellulose	10
Bifidobacterium	guar gum	10
Staphylococcus	agar	10
Bacteroides	propionic	10
Bifidobacterium breve	sorbitol	10
Vibrio cholerae	agar	10
Bacteroides thetaiotaomicron	agar	10
[Clostridium] sordellii	nitrogen	10
Bacteroides	nitrogen	10
Proteobacteria	nitrogen	10
[Clostridium] cellulolyticum	hydrogen	10
Lactobacillus plantarum	hydrogen	10
Lactobacillus plantarum	pectin	10
Lactobacillus reuteri	agar	10
Campylobacter coli	propionic	10
Bifidobacterium breve	agar	10
Peptoclostridium difficile	glycine	10
Bifidobacterium	lactic	10
Bacillus	agar	9
Lactobacillus	Agar	9
Microbacterium barkeri	hydrogen	9
Lactobacillus johnsonii	agar	9
Fontimonas thermophila	agar	9
Actinobacteria	agar	9
Peptoclostridium difficile	nitrogen	9
Firmicutes	agar	9
Escherichia coli	glycine	9
Campylobacter jejuni	propionic	9
Akkermansia muciniphila	nitrogen	9
Lactobacillus ruminis	agar	9
Aeromonas hydrophila	agar	9
Vibrio	agar	9
Bifidobacterium	pectin	9
Enterococcus faecium	nisin	9
Streptomyces	cellulose	9
Staphylococcus epidermidis	agar	9
Archaea	methanol	9
Lachnoclostridium phytofermentans	ethanol	9
Clostridium	ethanol	8
Lactobacillus gasseri	agar	8
Firmicutes	nitrogen	8
Clostridium	nitrogen	8
Lactococcus lactis	agar	8
Lactobacillus plantarum	nisin	8
Brucella	Agar	8
Firmicutes	ethanol	8
Desulfovibrio vulgaris	ethanol	8
Enterobacteriaceae	Agar	8
Campylobacter jejuni	hydrogen	8
Staphylococcus aureus	agar	8
Bacteroides	Agar	8
Geobacter metallireducens	ethanol	8
Klebsiella	pullulanase	8
Klebsiella	cellulose	8
Roseovarius albus	ethanol	8
Prevotella	pectin	8
Clostridia	propionic	7
Firmicutes	hydrogen	7
Lactobacillus rhamnosus	agar	7
Methanosarcinales	methanol	7
Lactobacillus acidophilus	dextran	7
Lactobacillus plantarum	lactic	7
Pseudomonas aeruginosa	hydrogen	7
Rhizobiales	nitrogen	7
Salmonella enterica	agar	7
Aeromonas	agar	7
Listeria	agar	7
Bacteroidia	pectin	7
Rhodocyclales	nitrogen	7
Klebsiella oxytoca	cellulose	7
Prevotella	agar	7
Lactobacillus iners	agar	7
Methanosphaera stadtmanae	hydrogen	7
Gardnerella vaginalis	agar	7
Capnocytophaga canimorsus	agar	7
Lactococcus lactis	Nisin	7
Peptoclostridium difficile	ethanol	7
Bacteroides	guar gum	7
Escherichia coli	propionic	6
Pantoea	nitrogen	6
Klebsiella	nitrogen	6
Citrobacter rodentium	dextran	6
Asaia	agar	6
unidentified plasmid	arabinose	6
Salmonella	cellulose	6
Mycoplasma pneumoniae	agar	6
Enterobacter	nitrogen	6
Firmicutes	pectin	6
Enterococcus faecalis	agar	6
Microcystis smithii	hydrogen	6
Listeria monocytogenes	nisin	6
Marinococcus luteus	agar	6
Bacteroides	xylanase	6
Lactobacillus plantarum	nitrogen	6
Salmonella	Agar	6
Enterobacteriales	nitrogen	6
[Clostridium] cellulolyticum	ethanol	6
Clostridia	cellulose	6
Rhizobium	nitrogen	6
Lactobacillus reuteri	dextran	6
Methanomassiliicoccus luminyensis	hydrogen	6
Ruminococcus flavefaciens	cellulose	6
Methanobrevibacter smithii	hydrogen	6
Streptococcus salivarius	agar	6
Clostridium	hydrogen	6
Gardnerella vaginalis	hydrogen	6
Lactobacillus	lipase	6
Lachnospiraceae	cellulose	6
Enterobacteriaceae	nitrogen	6
Lactobacillus fermentum	agar	6
[Clostridium] cellulolyticum	cellulose	6
Clostridia	agar	6
Peptoclostridium difficile	Agar	6
Methanobacteriales	methanol	6
Geobacter sulfurreducens	ethanol	6
Bacillus	cellulose	6
Lactobacillus crispatus	hydrogen	6
Bifidobacterium longum	agar	6
Methanosarcina	hydrogen	6
Bacteroides caccae	biotin	6
Ruminiclostridium thermocellum	ethanol	6
Bacteroides thetaiotaomicron	pectin	6
Bifidobacterium longum	biotin	6
Fibrobacter	cellulose	6
Faecalibacterium prausnitzii	pectin	6
Escherichia	ethanol	5
Lactobacillus	Lactic	5
Peptostreptococcaceae	cellulose	5
Escherichia coli	carbon dioxide	5
Clostridium kluyveri	ethanol	5
Escherichia coli	peroxidase	5
Gammaproteobacteria	cellulose	5
Pseudomonas tolaasii	agar	5
Flavobacterium columnare	agar	5
Asaia	mannitol	5
Fibrobacteria	cellulose	5
Lactobacillus paracasei	pectin	5
Proteobacteria	ethanol	5
Streptococcus gordonii	agar	5
Clostridiaceae	cellulose	5
Pediococcus acidilactici	agar	5
Pediococcus acidilactici	nisin	5
Propionibacterium acnes	ethanol	5
Salmonella	pectin	5
Bacteroidia	biotin	5
Methanococcus maripaludis	hydrogen	5
Bacteroidia	ethanol	5
Lactobacillus acidophilus	agar	5
Escherichia coli	sucralose	5
Streptomyces aureus	ethanol	5
Lactobacillus johnsonii	nisin	5
Staphylococcus aureus	hydrogen	5
Acetobacter	Riboflavin	5
Propionibacterium	propionic	5
Frankia	nitrogen	5
Leuconostoc mesenteroides	pectin	5
Streptococcus	lactic	5
Leptotrichia hongkongensis	nitrogen	5
Staphylococcus aureus	nisin	5
Streptococcus uberis	nisin	5
Lactococcus lactis	dextran	5
Stenotrophomonas maltophilia	agar	5
Lactobacillus acidophilus	lactic	5
Methanosphaera	hydrogen	5
Acetobacter	agar	5
Treponema	cellulose	5
Gilliamella apicola	pectin	5
Vibrio cholerae	chlorophyll	5
Propionibacterium acnes	lipase	5
Bacteroides	arabinose	5
Lactobacillus	xylanase	5
Escherichia coli	xylanase	5
Bacteroides ovatus	inulinase	5
Enterobacteriales	Agar	5
Archaea	carbon dioxide	5
Ruminococcaceae	hydrogen	5
Bacteroides fragilis	inulinase	5
Wolbachia	biotin	5
Cellulomonas	cellulose	5
Bifidobacterium bifidum	lipase	5
Acinetobacter	lipase	5
Bacteroides fragilis	propionic	5
Haemophilus influenzae	agar	5
Enterobacteriaceae	ethanol	5
Micrococcus luteus	agar	5
Lactobacillus plantarum	biotin	5
Lactobacillus salivarius	agar	5
Escherichia coli	biotin	5
Escherichia coli	lipase	5
Lactobacillus crispatus	agar	5
Bdellovibrio bacteriovorus	agar	5
Campylobacter	Agar	5
Bacillus cereus	agar	5
Salmonella enterica	cellulose	5
Bifidobacterium	acetic	4
Klebsiella pneumoniae	agar	4
Pseudomonas	nitrogen	4
Edwardsiella ictaluri	agar	4
Salmonella	trypsin	4
Actinobacteria	nitrogen	4
Bacteroides	sucralose	4
Vibrio midae	agar	4
Helicobacter pylori	hydrogen	4
Actinobacteria	ethanol	4
Lactobacillus acidophilus NCFM	lactitol	4
Bacillus infantis	lactic	4
Propionibacterium freudenreichii	nitrogen	4
Nitrospira	nitrogen	4
Methanosphaera	methanol	4
Faecalibacterium prausnitzii	riboflavin	4
Enterococcus	lactic	4
Listeria monocytogenes	Nisin	4
Alicyclobacillus pomorum	Mannitol	4
Escherichia coli	lactic	4
Lactobacillus plantarum	riboflavin	4
Bacillus	cellulase	4
Escherichia coli	pectin	4
Salmonella	mannitol	4
Campylobacter	hydrogen	4
Lactobacillus helveticus	hydrogen	4
Escherichia coli	folic	4
Bacteroides thetaiotaomicron	propionic	4
Methanomassiliicoccus	methanol	4
Pseudomonas aeruginosa	ethyl acetate	4
Clostridium acetobutylicum	ethanol	4
Streptococcus sobrinus	agar	4
Bifidobacterium breve	ethanol	4
Peptoclostridium difficile	mannitol	4
Pseudomonas	cellulose	4
Firmicutes	carbon dioxide	4
Bifidobacterium adolescentis	agar	4
Helicobacter hepaticus	agar	4
Firmicutes	riboflavin	4
Komagataeibacter xylinus	pectin	4
Pseudomonas	chitosan	4
Klebsiella	cellulase	4
Thermotogales	cellulose	4
Lactobacillus salivarius	lactic	4
Lactobacillus casei	agar	4
Clostridium	dextran	4
Lactobacillus acidophilus	hydrogen	4
Streptomyces aureus	lipase	4
Lactobacillus plantarum	mannitol	4
Lactobacillus brevis	xylanase	4
Ruminococcus albus 7 = DSM 20455	cellulose	4
Lactobacillus reuteri	lactic	4
Lactobacillus acidophilus	lactitol	4
Enterococcus	Agar	4
Yersinia pestis	nitrogen	4
Bacteroides thetaiotaomicron	N-acetylglucosamine	4
Lachnospiraceae	hydrogen	4
Propionibacterium acnes	agar	4
Serratia marcescens	agar	4
Campylobacter jejuni	nitrogen	4
Lactobacillus	pectin	4
Bifidobacterium	Agar	4
Methanobrevibacter	hydrogen	4
Lactobacillus paracasei	agar	4
Streptococcus mitis	pullulanase	4
Escherichia coli	mannitol	4
Bacteroides	Mannitol	4
Streptococcus mutans	xylitol	4
Escherichia coli	fumaric	4
Paenibacillus polymyxa	nitrogen	4
Bradyrhizobium	nitrogen	3
Peptoclostridium difficile	Nisin	3
Firmicutes	thiamin	3
Xanthomonas	N-acetylglucosamine	3
Actinomyces	cellulose	3
Escherichia coli	gold	3
Bacillus subtilis	ethanol	3
Listeria	Nisin	3
Methanosarcina	methanol	3
Pseudomonas aeruginosa	acetic	3
Bacteroidales	nitrogen	3
Bacteroides	dextran	3
Lactobacillus mucosae	agar	3
Archaea	cellulose	3
Citrobacter	nitrogen	3
Spirochaetales	cellulose	3
Salmonella enterica	nitrogen	3
Cellulomonas fimi	xylanase	3
Erwinia sp.	pectin	3
Leuconostoc	dextran	3
Escherichia coli	riboflavin	3
Cronobacter sakazakii	agar	3
Bifidobacterium	ethanol	3
Lactobacillus	Mannitol	3
Mycoplasma pneumoniae	peroxidase	3
Prevotella	hydrogen	3
Archaea	Hydrogen	3
Clostridium butyricum	hydrogen	3
Vibrio cholerae	nitrogen	3
Lactobacillus sakei	dextran	3
Yersinia pseudotuberculosis	nitrogen	3
Firmicutes	Agar	3
Acrocarpospora corrugata	nitrogen	3
Proteobacteria	cellulose	3
Streptomyces aureus	Nisin	3
Streptococcus salivarius	lactic	3
Listeria monocytogenes	ethanol	3
Propionibacterium freudenreichii	propionic	3
Methanomassiliicoccales	methanol	3
Prevotella intermedia	agar	3
Methanimicrococcus blatticola	methanol	3
Bacillus subtilis	nitrogen	3
Actinobacteria	biotin	3
Lactobacillus fermentum	ethanol	3
Vibrio	nitrogen	3
Weissella cibaria	hydrogen	3
Pseudomonas putida	nitrogen	3
Lactobacillus plantarum	ethanol	3
Prevotellaceae	hydrogen	3
Bacteroidia	xylanase	3
Lactobacillus plantarum	xylanase	3
Bacteroidia	propionic	3
Lactobacillus reuteri	hydrogen	3
Spirochaetia	cellulose	3
Salmonella enterica	ethanol	3
Lactobacillus	guar gum	3
Lactobacillus hilgardii	tannic	3
Enterobacteriaceae	lactic	3
Streptococcus oralis	agar	3
Bacteroides ovatus	cellulose	3
Bacteroides	acetic	3
Pseudomonas aeruginosa	Agar	3
Lactobacillus johnsonii	hydrogen	3
Fusobacterium nucleatum	hydrogen	3
Streptococcus parasanguinis	agar	3
unidentified plasmid	nisin	3
Lachnoclostridium phytofermentans	hydrogen	3
Lactococcus lactis	riboflavin	3
Clostridia	ethanol	3
[Caldibacillus] cellulovorans	pectin	3
Bifidobacterium pseudolongum	rennet	3
Vibrio cholerae	glycine	3
Actinobacteria	pyridoxine	3
Clostridiales	hydrogen	3
Pantoea agglomerans	agar	3
Escherichia coli	chlorine	3
Bifidobacterium breve	cellulose	3
Lactobacillus plantarum	dextran	3
Klebsiella	agar	3
Enterobacteriales	glycine	3
Sphingomonas sanguinis	agar	3
Akkermansia	pectin	3
Porphyromonas canoris	agar	3
Bacillus	Agar	3
Mycobacterium tuberculosis	agar	3
Proteobacteria	pectinase	3
unidentified plasmid	pullulanase	3
Aeromonas veronii	Silver	3
Lactobacillus	nisin	3
Enterobacter	cellulase	3
Akkermansia	guar gum	3
Gammaproteobacteria	pectinase	3
Clostridium	pectin	3
Coriobacteriaceae	cellulose	3
Clostridiales	cellulase	3
Clostridiales	hemicellulase	3
Prevotella ruminicola	pectin	3
Faecalibacterium prausnitzii	folic	3
Bacteroidales	cellulose	3
Pseudomonas aeruginosa	ethanol	3
Bacillus subtilis	xylanase	3
Clostridium	glycine	3
Lactococcus lactis	lactic	3
Bacteroides thetaiotaomicron	arabinose	3
Rothia aeria	pepsin	3
Listeria monocytogenes	glycine	3
Lactobacillus fermentum	chitosan	3
Gardnerella vaginalis	lipase	3
Staphylococcus	mannitol	3
Rothia aeria	trypsin	3
Peptoclostridium difficile	Glycine	3
Proteobacteria	riboflavin	3
Streptomyces	cellulase	3
Rhizobiaceae	nitrogen	3
Firmicutes	gold	3
Staphylococcus aureus	ethanol	3
Bacillus	nitrogen	3
Methanobrevibacter	methanol	3
Pseudomonas	Agar	3
Burkholderia	nitrogen	3
Propionibacterium freudenreichii	glycine	3
Komagataeibacter xylinus	cellulose	3
Lactobacillus rhamnosus	dextran	3
Bifidobacterium longum	arabinose	3
Streptococcus pyogenes	agar	3
Pediococcus acidilactici	lactic	3
Yersinia enterocolitica	trypsin	3
Lactobacillus acidophilus	mannitol	3
Lachnoclostridium phytofermentans	pectin	3
Salmonella	ethyl acetate	3
Lactobacillus rossiae	riboflavin	3
Pseudomonas aeruginosa	lactic	3
Ralstonia	nitrogen	3
Escherichia coli	beta-galactosidase	3
Ruminococcaceae	propionic	3
Bacteroidia	thiamin	3
Lactobacillus	cellulose	3
Helicobacter pylori	nitrogen	3
Enterococcus casseliflavus	agar	3
Clostridium perfringens	trypsin	3
Lactobacillus	benzoic	3
Methylococcales	methanol	3
Bacillus circulans	pectin	3
Faecalibacterium	propionic	3
Veillonella	hydrogen	3
Lactobacillus casei	hydrogen	3
Enterococcus faecalis	cellulose	3
Bifidobacterium	propionic	3
Staphylococcus aureus	dextran	3
Bacteroides cellulosilyticus	xylanase	3
Cohnella	cellulase	3
Citrobacter freundii	cellulose	3
Vibrio cholerae	ethanol	3
Streptococcus agalactiae	Nisin	3
Porphyromonas gingivalis	cellulose	3
Firmicutes	N-acetylglucosamine	3
Streptomyces aureus	propionic	3
Geobacter metallireducens	carbon dioxide	3
Lactobacillus fermentum	dextran	3
Escherichia coli	tea extract	3
[Clostridium] sordellii	glycine	3
Bacteroides thetaiotaomicron	cellulose	3
Proteobacteria	biotin	3
Lactobacillus sakei	agar	3
Streptococcus salivarius	trypsin	3
Staphylococcus aureus	Nisin	3
Methanobacteriales	hydrogen	3
Bacillus	lipase	3
Enterococcus hirae	agar	3
Bifidobacterium	hydrogen	3
Rothia aeria	chymotrypsin	3
Bacteroides	glycine	3
Bacillus pumilus	agar	3
Pseudomonas putida	ethanol	3
Porphyromonas	agar	3
Bacteroides	trypsin	2
Treponema caldarium	cellulose	2
Lactobacillus	dextran	2
Escherichia coli	benzoic	2
Pediococcus pentosaceus	pectin	2
Ruminococcaceae	nisin	2
Bacteroidia	riboflavin	2
Firmicutes	xylitol	2
Bacillus	xylanase	2
Melissococcus plutonius	agar	2
Lactobacillus plantarum	chitosan	2
Zymomonas mobilis	ethanol	2
Clostridium acetobutylicum	cellulose	2
Parabacteroides distasonis	hydrogen	2
Bacteroides fragilis	N-acetylglucosamine	2
Propionibacterium avidum	lipase	2
Catenuloplanes crispus	carrageenan	2
Campylobacter coli	Propionic	2
Spirochaetales	silver	2
Synechococcus	nitrogen	2
Clostridia	hydrogen	2
Streptococcus salivarius	nitrogen	2
Francisella philomiragia	agar	2
Helicobacter pylori	dextran	2
Bifidobacterium longum	acetic	2
Lachnoclostridium phytofermentans	cellulase	2
Methanoculleus marisnigri	hydrogen	2
Lactobacillus acidophilus	acetic	2
Lactobacillus delbrueckii	lactic	2
Salmonella enterica subsp. enterica serovar Typhimurium	peroxidase	2
Staphylococcus aureus	cellulose	2
Lactobacillus plantarum	Chitosan	2
Methanopyrus kandleri	hydrogen	2
Pseudomonas taiwanensis	hydrogen	2
Prevotella	nitrogen	2
Aliivibrio fischeri	cellulose	2
Actinomycetales	glycine	2
Euryarchaeota	hydrogen	2
Lactobacillus	peroxidase	2
Streptococcus agalactiae	agar	2
Bacillus simplex	methanol	2
Lactobacillus casei	cellulose	2
Prevotella	Mannitol	2
Alphaproteobacteria	nitrogen	2
Dechloromonas	nitrous oxide	2
Acinetobacter	peroxidase	2
Escherichia coli	methanol	2
Ruminococcus flavefaciens	hydrogen	2
Methanosarcinales	cellulose	2
Lactobacillus	gold	2
Bacteroides	lactic	2
Prevotella ruminicola	cellulose	2
[Caldibacillus] cellulovorans	cellulose	2
Lactobacillus acidophilus	pectin	2
Prevotella	dextran	2
Bacteroides ovatus	pectin	2
Escherichia coli	sodium nitrate	2
Francisella	agar	2
Bifidobacterium bifidum	agar	2
Methylobacterium extorquens	methanol	2
Xanthomonadales	methanol	2
Acinetobacter	cellulase	2
Succinivibrio	cellulose	2
Escherichia coli	pepsin	2
Rhizobiales	cellulase	2
Elizabethkingia anophelis	agar	2
Acidovorax	nitrous oxide	2
Desulfovibrio	propionic	2
Enterococcus	hydrogen	2
Isoptericola variabilis	pectinase	2
Thermotoga neapolitana	hydrogen	2
Burkholderia	methanol	2
Lactobacillus crispatus	lactic	2
Syntrophobacteraceae	cellulose	2
Bifidobacterium	peroxidase	2
Lentisphaerae	nitrogen	2
Mycobacterium smegmatis	agar	2
Fusobacterium nucleatum	agar	2
Candidatus Blochmannia floridanus	nitrogen	2
Agathobacter rectalis	glycine	2
Escherichia coli	cellulase	2
Lactobacillus fermentum	lactic	2
Dickeya chrysanthemi	pectin	2
Rhodobacter	nitrogen	2
Shigella flexneri	agar	2
Porphyromonas gingivalis	silver	2
Porphyromonadaceae	propionic	2
Xanthomonas campestris	xanthan	2
Micrococcus	agar	2
Bacteroides thetaiotaomicron VPI-5482	agar	2
Tissierella	propionic	2
Mollicutes	propionic	2
Salmonella enterica	hydrogen	2
Listeria monocytogenes	hydrogen	2
Halothermothrix orenii	hydrogen	2
Clostridium perfringens	nisin	2
Escherichia coli	pyridoxine	2
Ruminococcus champanellensis	cellulose	2
Blautia coccoides	hydrogen	2
Novosphingobium resinovorum	peroxidase	2
Gilliamella	agar	2
Thaumarchaeota	Gold	2
Bacillus infantis	acetic	2
Escherichia coli	chitosan	2
Salmonella enterica subsp. enterica serovar Typhimurium	cellulose	2
Burkholderia	cellulase	2
Methanococcus maripaludis	carbon dioxide	2
Bacteroides dorei	beta-galactosidase	2
Pseudomonas fluorescens	pectin	2
Bifidobacterium breve	arabinose	2
Aeromonas veronii	agar	2
Aeromonas	Mannitol	2
Bacteroides vulgatus	xylanase	2
Cyanobacteria	red algae	2
Prevotella	Agar	2
Desulfovibrio	nitrogen	2
Clostridium	propionic	2
Escherichia coli	ethyl acetate	2
Porphyromonas gingivalis	propionic	2
Geobacter sulfurreducens	hydrogen	2
Salmonella	lactic	2
Selenomonas ruminantium	cellulose	2
Enterobacteriales	hydrogen	2
Bacillus coagulans	tea extract	2
Pseudomonas aeruginosa	Ethanol	2
Salmonella	propionic	2
Pseudomonas	cellulase	2
Azospirillum rugosum	ethanol	2
Bifidobacterium longum	calcium chloride	2
Beijerinckia	nitrogen	2
Streptomyces aureus	ethyl acetate	2
Thaumarchaeota	nitrogen	2
Vibrio cholerae	arabinose	2
Rhodopseudomonas	nitrogen	2
Bacillus licheniformis	glycine	2
Lactobacillus rhamnosus GG	agar	2
Enterococcus	Lactic	2
Lactobacillus	glycine	2
Lactobacillus plantarum	carbon dioxide	2
Pseudomonas	lipase	2
Lactobacillus	acetic	2
Pediococcus damnosus	agar	2
[Clostridium] sordellii	agar	2
Helicobacter pylori	Chitosan	2
Thermococcales	methanol	2
Bacteroides ovatus	xylanase	2
Bacillus	Nisin	2
Enterobacteriales	carbon dioxide	2
Escherichia coli	Gold	2
Bacillus	hydrogen	2
Cyanobacteria	Nitrogen	2
Chromatiales	nitrogen	2
Lactobacillus sakei	xylanase	2
Flavobacteriia	cellulose	2
Lactobacillus	propionic	2
Streptococcus gallolyticus	tannase	2
Proteus	pyridoxine	2
Methylobacterium extorquens PA1	methanol	2
Bacteroides	folic	2
Bacteroidia	brown algae	2
Enterobacteriales	propionic	2
Escherichia coli	rennet	2
Bacteroides thetaiotaomicron	nitrogen	2
Succinivibrio	succinic	2
Bifidobacterium breve	hydrogen	2
Archaea	ethanol	2
Bacillus coagulans	folic	2
Wolbachia	pyridoxine	2
Cyanobacteria	peroxidase	2
Tannerella forsythia	agar	2
Cellulomonas flavigena	cellulose	2
Bacillus halodurans	xylanase	2
Escherichia coli	silver	2
Vibrio cholerae	propionic	2
Lactobacillus plantarum	lipase	2
Enterobacter cloacae	nitrogen	2
Methanococcales	methanol	2
plasmids	nisin	2
Agrobacterium tumefaciens	cellulose	2
Prevotella oris	agar	2
Thauera	methanol	2
Bifidobacterium breve	Sorbitol	2
Microcystis smithii	carbon dioxide	2
Methanosarcina barkeri	methanol	2
Erysipelotrichaceae	cellulose	2
Bacillus pseudofirmus	glycine	2
Methanosaeta	hydrogen	2
Pedobacter heparinus	gold	2
Spiroplasma melliferum	gold	2
Sphingomonas	nitrogen	2
Lactococcus	riboflavin	2
Bifidobacterium animalis	agar	2
Leptospirillum	nitrogen	2
Pedobacter glucosidilyticus	gold	2
Epilithonimonas lactis	pepsin	2
Bacillus licheniformis	agar	2
Proteus vulgaris	agar	2
Fusobacteriia	biotin	2
Agrobacterium	cellulase	2
Acinetobacter	papain	2
Methanomicrobiales	ethanol	2
Staphylococcus	cellulose	2
Caulobacter	agar	2
Actinobacteria	thiamin	2
Vibrio cholerae	methanol	2
Lactobacillus	chitosan	2
Bifidobacterium	gold	2
Bacillus circulans	xylanase	2
unidentified plasmid	biotin	2
Candidatus Portiera	nitrogen	2
Escherichia coli	tannic	2
Clostridiales	pectin	2
Lactobacillus plantarum	acetic	2
Bacillus pumilus	propionic	2
Enterococcus faecalis	pectin	2
Lactobacillus	ethanol	2
Sodalis glossinidius	agar	2
Smithella	hydrogen	2
Psychrobacter	propionic	2
Aeromonas hydrophila	Agar	2
Heliobacterium modesticaldum	hydrogen	2
Yersinia enterocolitica	pepsin	2
Riemerella	nitrous oxide	2
Streptomyces aureus	hydrogen	2
Mannheimia	agar	2
Enterobacter massiliensis	glycine	2
Spirochaetales	hemicellulase	2
Enterococcus faecium	Nisin	2
Methanosphaera stadtmanae	carbon dioxide	2
Streptomyces aureus	glycine	2
Lactobacillus acidophilus	ethanol	2
unidentified plasmid	xylanase	2
Streptococcus thermophilus	lactic	2
Bacteroidia	safflower	2
Poribacteria	biotin	2
Prevotella bivia	hydrogen	2
Sarcina	cellulose	2
Campylobacter jejuni	Agar	2
plasmids	mannitol	2
Escherichia coli	Silver	2
Cellulosimicrobium	xylanase	2
Lactobacillus plantarum	cellulose	2
Selenomonas	hydrogen	2
Escherichia coli	sorbitol	2
Lactococcus lactis	hydrogen	2
Enterobacter sp.	nitrogen	2
Wolbachia	agar	2
Actinobacteria	pectinase	2
Clostridia	dextran	2
Enterobacter	lipase	2
Aeromonas	Silver	2
Streptococcus gallolyticus	tannic	2
Geobacter metallireducens	hydrogen	2
Hydrogenophaga	methanol	2
Lactobacillus salivarius	hydrogen	2
Actinobacteria	riboflavin	2
Weissella confusa	lactic	2
Streptomyces aureus	silver	2
Firmicutes	xylanase	2
Thermoanaerobacterales	ethanol	2
Bacteroides xylanisolvens	nitrogen	2
Pseudomonas	Mannitol	2
Syntrophus	hydrogen	2
Citrobacter rodentium	Agar	2
Helicobacter pylori	methanol	2
Dyadobacter	nitrous oxide	2
Pedobacter agri	gold	2
Porphyromonas gingivalis	hydrogen	2
Proteus	biotin	2
Pseudomonas aeruginosa	Hydrogen	2
Fusobacteriia	isopropanol	2
Bacteroidia	dextran	2
Helicobacter pylori	pepsin	2
Bacteroides fragilis	arabinose	2
Lactobacillus acidophilus	tea extract	2
Lactobacillus plantarum	amaranth	2
Lactobacillus rhamnosus	gold	2
Lactobacillus rhamnosus GG	Dextran	2
Proteobacteria	pyridoxine	2
Atopobium vaginae	agar	2
Lactobacillus plantarum	malic	2
Bifidobacterium	Mannitol	2
Acetobacter	cellulose	2
Selenomonas bovis	mannitol	2
Staphylococcus	lipase	2
Akkermansia muciniphila	guar gum	2
Lactobacillus rhamnosus	hydrogen	2
Blattabacterium	cellulose	2
Porphyromonas	Mannitol	2
Salmonella	N-acetylglucosamine	2
Sphingobacteriales	nitrogen	2
Arthrobacter	agar	2
Lactobacillus acidophilus	trypsin	2
Pseudomonas aeruginosa	nitrogen	2
Firmicutes	nisin	2
Escherichia coli	tannase	2
Microbacterium	cellulose	2
Xanthomonas campestris	N-acetylglucosamine	2
Staphylococcus aureus	peroxidase	2
[Pseudomonas] pictorum	agar	2
Peptoclostridium difficile	hydrogen	2
Candidatus Blochmannia	nitrogen	2
Streptomyces aureus	nisin	2
Brachyspira	agar	2
Leuconostoc mesenteroides	dextran	2
Actinobacteria	pectin	2
Clostridium perfringens	hydrogen	2
Succinivibrio	acetic	2
Lactobacillus fermentum	mannitol	2
Curtobacterium citreum	peroxidase	2
Rhodococcus jostii RHA1	peroxidase	2
Lactobacillus	carbon dioxide	2
Rhodovulum	nitrogen	2
Clostridium	Agar	2
Mobiluncus	hydrogen	2
Lactobacillus rhamnosus	cellulose	2
Sphingomonas	cellulose	2
Lactococcus lactis	glycine	2
Haemophilus	agar	2
Bacteroidaceae	agar	2
Bacillus subtilis	riboflavin	2
Bacillus thuringiensis	nitrogen	2
Methanosarcinales	hydrogen	2
Methanothermobacter thermautotrophicus	hydrogen	2
Spiroplasma apis	gold	2
Enterobacteriaceae	cellulose	2
Aliivibrio fischeri	arabinose	2
Lactobacillus acidophilus	glycine	2
Ruminiclostridium thermocellum	cellulase	2
Lactobacillus crispatus	dextran	2
Prevotella	carboxymethylcellulose	2
Lactobacillus paracasei	lactic	2
Pseudomonadales	glycine	2
Lactobacillus mucosae	propionic	2
Eubacterium	cellulose	2
Lactobacillus paracasei	pepsin	2
Geobacteraceae	cellulose	2
Oenococcus	cellulose	2
Actinobacteria	glycine	2
Proteobacteria	isopropanol	2
Prevotella	xylanase	2
Actinomyces oris	agar	2
Bifidobacterium breve	mannitol	2
Ewingella americana	sodium alginate	2
Francisella tularensis	agar	2
Bifidobacterium longum	hydrogen	2
Salmonella	ethanol	2
Listeria innocua	agar	2
plasmids	nitrogen	2
Spirochaeta	cellulose	2
Bifidobacterium breve	N-acetylglucosamine	2
Salmonella	biotin	2
Yersinia ruckeri	agar	2
Lactobacillus fermentum	Gold	2
Lachnoclostridium phytofermentans	arabinose	2
Proteiniphilum	cellulose	2
Bacteroides ovatus ATCC 8483	agar	2
Clostridium cellulovorans	ethanol	2
Escherichia coli	calcium chloride	2
Clostridium	Nisin	2
Streptococcus gordonii	silver	2
Thermoanaerobacterium thermosaccharolyticum	ethanol	2
Enterobacter	agar	2
Rhizobium	cellulose	2
Burkholderiales	glycine	2
Bacteroidia	agar	2
Firmicutes	safflower	2
Listeria innocua	nisin	2
Firmicutes	pyridoxine	2
Candidatus Methanomethylophilus	methanol	2
Lactobacillus ruminis	sorbitol	2
Alistipes senegalensis	glycine	2
Bacteroides fragilis	glycine	2
Fontimonas thermophila	N-acetylglucosamine	2
Lactobacillus acidipiscis KCTC 13900	peroxidase	2
unidentified plasmid	nitrogen	2
Bacteroides thetaiotaomicron	succinic	2
Lactobacillus fermentum	acetic	2
Enterobacteriaceae	chitosan	2
Bacteroides fragilis	nitrogen	2
Faecalibacterium	pectin	2
Desulfovibrionaceae	hydrogen	2
Escherichia coli	trypsin	2
Fontimonas thermophila	alpha-amylase	2
Bifidobacterium	chitosan	2
Staphylococcus	lactic	2
Bacteroides thetaiotaomicron	hydrogen	2
Helicobacter hepaticus	dextran	2
Staphylococcus aureus	Agar	2
Enterococcus	cellulose	2
Lactobacillus acidophilus	cellulose	2
Pantoea agglomerans	calcium alginate	2
Streptococcus pneumoniae	Nisin	2
Clostridia	Propionic	2
Rhodocyclales	glycine	2
Methanocorpusculum labreanum	methanol	2
Lactobacillus iners	hydrogen	2
Paenibacillus larvae	agar	2
Shewanella oneidensis	hydrogen	2
Enterobacteriaceae	pectin	2
Staphylococcus epidermidis	lipase	2
Anoxybacillus	cellulose	2
Pantoea	cellulose	2
Bacteroides thetaiotaomicron	acetic	2
Campylobacter jejuni	carbon dioxide	2
Brucella abortus	agar	2
Bacilli	ethanol	2
Pediococcus acidilactici	sorbitol	2
Streptomyces	xylanase	2
Bacteroides	mannitol	2
Streptococcus thermophilus	Agar	2
Actinomyces naeslundii	agar	2
Pseudomonas aeruginosa	silver	2
Burkholderia cepacia	agar	2
Roseovarius albus	cellulase	2
environmental samples	sucralose	2
Pseudomonas marginata	xylanase	2
Enterobacteriales	sucralose	2
Paludisphaera borealis	gold	2
Pelotomaculum thermopropionicum	ethanol	2
Betaproteobacteria	nitrogen	2
Citrobacter freundii	ethanol	2
Eubacterium	pectin	2
Bifidobacterium asteroides	hydrogen	2
Methanomicrobiales	hydrogen	2
Bacteroidia	nitrogen	2
Acetobacter	ethanol	2
Mycobacterium tuberculosis	Dextran	2
Bacteroides	biotin	2
Cyanobacteria	hydrogen	2
Promicromonospora citrea	cellobiase	2
Roseburia intestinalis	hydrogen	2
Bifidobacterium longum	lactic	2
Bifidobacterium	dextran	2
Thermodesulfovibrio yellowstonii	hydrogen	2
Listeria monocytogenes	Agar	2
Roseburia	hydrogen	2
Gammaproteobacteria	glycine	2
Clostridiales	ethanol	2
Pseudomonas oryzae	gold	2
Bacteroides vulgatus	pectin	2
Fontimonas thermophila	biotin	2
Yersinia enterocolitica	nitrogen	2
Faecalibacterium prausnitzii	agar	2
Pantoea ananatis	nitrogen	2
Gardnerella vaginalis	lactic	2
Teredinibacter turnerae	nitrogen	2
Streptomyces	nitrogen	2
Verrucomicrobia	nitrogen	2
Methanomassiliicoccus	hydrogen	2
Caulobacter	nitrogen	2
Clostridium	Mannitol	2
Bacteroides cellulosilyticus	arabinose	2
Psychrobacter	lipase	2
Bacillus circulans	beta-galactosidase	1
Weissella confusa	dextran	1
Pseudomonas aeruginosa	cellulose	1
Clostridium perfringens	chymotrypsin	1
Chlamydia pecorum	biotin	1
Yersinia	sorbitol	1
Pantoea ananatis	gold	1
Chloroflexi	cellulose	1
Lachnospiraceae	nisin	1
Brucella	peroxidase	1
Fusobacteriia	acetic	1
Photorhabdus temperata	agar	1
Empedobacter falsenii	glycine	1
Streptomyces roseofulvus	glycine	1
Paracoccus	sorbitol	1
Bacteroides cellulosilyticus	dextran	1
Bacteroides vulgatus	saccharin	1
Brevibacterium	cellulose	1
Vibrio cholerae	N-acetylglucosamine	1
[Clostridium] leptum	hydrogen	1
Wigglesworthia	riboflavin	1
Nitrosospira	nitrous oxide	1
Thiocystis violascens	ethanol	1
Methanomassiliicoccus luminyensis B10	hydrogen	1
Firmicutes	cellulase	1
Ferroplasma	cellulose	1
Weissella paramesenteroides	Agar	1
Burkholderia phytofirmans	cellulose	1
Porphyromonas gingivalis	acetic	1
Veillonellaceae	nitrogen	1
Roseburia inulinivorans	pectin	1
Nostoc	nitrogen	1
Halorhodospira halophila	hydrogen	1
Alcaligenes faecalis	tannic	1
Vibrio parahaemolyticus	agar	1
Vibrio lentus	Agar	1
Clostridium	nisin	1
Bifidobacterium	pyridoxine	1
Pseudonocardia	arabinose	1
Bacteroides	inulinase	1
Streptomyces aureus	nitrogen	1
Clostridia	tea extract	1
Lactobacillus curvatus	dextran	1
Gluconacetobacter diazotrophicus	nitrogen	1
Streptococcus thermophilus	agar	1
Paenibacillus	cellulose	1
Prevotella bergensis	xylanase	1
Agrobacterium tumefaciens	cellulase	1
Nitrosomonadaceae	nitrogen	1
Lactobacillus rhamnosus	propionic	1
Weissella cibaria	dextran	1
Exiguobacterium indicum	gold	1
Bacillus coagulans	ethanol	1
Enterococcus gallinarum	tannic	1
Bacteroidia	Glycine	1
Bacillus sp.	nitrogen	1
Bacteroides ovatus	dextran	1
Shewanella	nitrogen	1
Prevotella bryantii	xylanase	1
Shigella dysenteriae	alpha-galactosidase	1
Geobacter	nitrogen	1
Convivina intestini	Mannitol	1
Wolbachia	nitrogen	1
Archaea	Glycine	1
Enterococcus	lipase	1
Proteus mirabilis	Agar	1
Acinetobacter baumannii	gold	1
Holdemanella biformis	nisin	1
Roseburia	pectin	1
Veillonella	peroxidase	1
Streptococcus pyogenes	glycine	1
Helicobacter pylori	lipase	1
Methanoculleus bourgensis	methanol	1
Bifidobacterium longum	Chitosan	1
Methanosphaera stadtmanae	ethanol	1
Salmonella enterica subsp. arizonae	ethanol	1
Vibrio anguillarum	Agar	1
Propionibacterium	cellulose	1
Pseudomonas sp.	agar	1
Bifidobacterium sp.	pectin	1
Lactobacillus curvatus	Xylitol	1
Propionibacterium cyclohexanicum	propionic	1
Streptomycetales	nitrogen	1
Mycoplasma hyopneumoniae	agar	1
Alcanivorax borkumensis	nitrogen	1
Lactobacillus casei	alpha-amylase	1
Thaumarchaeota	thiamin	1
Streptococcus	nisin	1
Actinosynnema mirum	cellulose	1
Streptacidiphilus griseus	cellulose	1
Nocardia brasiliensis	papain	1
Mesorhizobium	cellulase	1
Lactobacillus rhamnosus	ethyl acetate	1
Acidothermus	xylanase	1
Geobacillus	ethanol	1
Nesterenkonia	mannitol	1
Bacillus subtilis	beta-glucosidase	1
Deltaproteobacteria	aspartame	1
Enterobacter asburiae	tannic	1
Staphylococcus aureus	chitosan	1
Clostridium ljungdahlii	cellulose	1
Rhizobium	cellulase	1
Clostridium perfringens	Annatto	1
[Caldibacillus] cellulovorans	hemicellulase	1
Aquifex aeolicus	hydrogen	1
Campylobacter jejuni	Succinic	1
Senegalimassilia anaerobia	agar	1
Bifidobacterium breve	trypsin	1
Vibrio harveyi	ethanol	1
Escherichia coli	phosphoric	1
Flavobacteriia	pectin	1
Geobacillus stearothermophilus	arabinose	1
Lactobacillaceae	lactic	1
Ruminococcaceae	dextran	1
Escherichia faecalis	ethyl acetate	1
Lactobacillus acidophilus	tannic	1
Chlamydia suis	biotin	1
Streptococcus	peroxidase	1
Bacteroides fragilis	Glycine	1
Acinetobacter calcoaceticus	tannic	1
Campylobacter jejuni	biotin	1
Proteus	nitrogen	1
Syntrophaceae	hydrogen	1
Lactobacillus	lactitol	1
Escherichia coli	Dextran	1
Clostridium perfringens	propionic	1
Escherichia coli	guar gum	1
Streptococcus gordonii	nitrogen	1
Citrobacter murliniae	gold	1
Legionella	dextran	1
Agrococcus terreus	xylanase	1
Sphingomonadales	cellulase	1
Pseudomonas stutzeri	nitrous oxide	1
Lysobacter enzymogenes	peroxidase	1
Escherichia coli	xylitol	1
Acetobacteraceae	ethanol	1
Agrobacterium	lipase	1
Bacteroides plebeius	agar	1
Faecalibacterium prausnitzii	N-acetylglucosamine	1
Bacteroides	lutein	1
Dehalococcoides	hydrogen	1
Mycobacterium frederiksbergense	cellobiase	1
Cupriavidus metallidurans	gold	1
Proteus mirabilis	agar	1
Citrobacter	ethanol	1
Neisseria gonorrhoeae	carbon dioxide	1
Enterococcus faecalis	riboflavin	1
Paenibacillus	cellulase	1
Leucobacter zeae	acetic	1
Peptoclostridium difficile	N-acetylglucosamine	1
Syntrophomonas wolfei	hydrogen	1
Vibrio mediterranei	agar	1
Lactobacillales	ethanol	1
Streptococcus thermophilus	folic	1
Enterococcus faecalis	Biotin	1
Campylobacter jejuni	thiamin	1
Streptomyces achromogenes	hydrogen	1
Bacteroides thetaiotaomicron	dextran	1
Dickeya dadantii	pectin	1
Lactobacillus pentosus	biotin	1
Bacillales	ethanol	1
Burkholderia vietnamiensis	nitrogen	1
Catenibacterium	pectin	1
Pediococcus parvulus	ethanol	1
Bacteroides dorei	xylanase	1
Bacteroides	saccharin	1
Fontimonas thermophila	beta-glucosidase	1
Acinetobacter	agar	1
Methanosarcinaceae	methanol	1
Lactobacillus acidophilus	guar gum	1
Streptomyces odorifer	methanol	1
Acidovorax avenae	peroxidase	1
Bacteroides thetaiotaomicron	lactic	1
Desulfovibrio	folic	1
White tip die-back phytoplasma	methanol	1
Lactobacillus gasseri	Riboflavin	1
Aliivibrio fischeri	peroxidase	1
Escherichia coli	xanthan	1
Bacillus altitudinis	glycine	1
Methanosphaera	folic	1
Burkholderia cepacia	lipase	1
Sphingomonadaceae	cellulose	1
Bifidobacterium animalis	N-acetylglucosamine	1
Pelobacter carbinolicus	hydrogen	1
Bacillus licheniformis	pectinase	1
Clostridiaceae	nitrogen	1
Yersinia ruckeri	lipase	1
Lactobacillus	mannitol	1
Actinomyces naeslundii	nitrogen	1
Burkholderia kururiensis	nitrogen	1
Escherichia coli	nicotinic	1
Pelobacter carbinolicus	carbon dioxide	1
Methanoculleus bourgensis	ethanol	1
Bacteroides fragilis	dextran	1
Haemophilus parainfluenzae	nitrogen	1
Lactobacillus oris	hydrogen	1
Chlamydophila caviae	biotin	1
Actinomyces	agar	1
Escherichia coli	Ethyl acetate	1
Bifidobacterium dentium	cellulase	1
Escherichia coli	Lactic	1
Bacillus sonorensis	glycine	1
Megasphaera elsdenii	lactic	1
Roseovarius albus	Cellulase	1
Streptococcus	gold	1
Streptomyces aureus	aluminium	1
Weissella confusa	Xylitol	1
Aeromonas	lipase	1
Stenotrophomonas maltophilia	nitrogen	1
Ralstonia	cellulose	1
Bacteroides intestinalis	pectin	1
Bacillus subtilis	hydrogen	1
Escherichia	nicotinic	1
Helicobacter hepaticus	silver	1
Chloroflexi	hydrogen	1
[Clostridium] saccharolyticum	cellulose	1
Acidothermus	cellulose	1
Actinomyces	pectin	1
Streptococcus suis	agar	1
Desulfovibrio	ethanol	1
Oxalobacter formigenes	Chitosan	1
Rhizobiales	glycine	1
Haemophilus	gold	1
Lactobacillus casei	trypsin	1
Clostridium perfringens	lipase	1
Mycobacterium frederiksbergense	xylanase	1
Bacteroides	lipase	1
Desulfobacteraceae	cellulose	1
Caldicoprobacter oshimai	cellulase	1
Akkermansia muciniphila	hydrogen	1
Streptococcus mutans	hydrogen	1
Bacillus simplex	riboflavin	1
Streptococcus mitis	hydrogen	1
Sphaerochaeta	cellulose	1
Clostridium	lactic	1
Lactobacillus salivarius	riboflavin	1
Lysinibacillus fusiformis	agar	1
Fusobacterium	pectin	1
Asaia	nitrogen	1
Prevotella salivae DSM 15606	thiamin	1
Methylobacterium extorquens	ethanol	1
Sporosarcina luteola	tannic	1
Lactobacillus delbrueckii subsp. bulgaricus	cellulose	1
Lewinella	agar	1
Microbacterium paraoxydans	glycine	1
Collinsella intestinalis	glycine	1
Fusobacterium nucleatum	Hydrogen	1
Bacillus	gold	1
Streptococcus pyogenes	riboflavin	1
Acinetobacter soli	tannic	1
Enterobacteriales	cellulose	1
Staphylococcus microti	gold	1
Lactococcus lactis	Xylitol	1
Lactobacillus zeae	lactic	1
Actinobacteria	nicotinic	1
Weissella cibaria	Dextran	1
Elizabethkingia anophelis	cellulose	1
Carnobacterium maltaromaticum	ethanol	1
Alistipes shahii	lipase	1
Streptococcus sobrinus	Sorbitol	1
Bifidobacterium pseudocatenulatum	agar	1
Bacteroides helcogenes	arabinose	1
Lactobacillus	nicotinic	1
Clostridiales	agar	1
Prevotella ruminicola	arabinose	1
Lactobacillus acidophilus	riboflavin	1
Catenibacterium	acetic	1
Lactobacillus rossiae	arabinose	1
Sedimentibacter	cellulose	1
Clostridia	carbon dioxide	1
Streptococcus pasteurianus	tannase	1
Bacillus infantis	gold	1
Helicobacter	agar	1
Bacteroides barnesiae	mannitol	1
Weissella kandleri	glycine	1
Carnobacterium maltaromaticum	lipase	1
Prevotella bryantii	cellulose	1
Blautia coccoides	pectin	1
Veillonella	folic	1
Thermoprotei	Gold	1
unidentified plasmid	Chitosan	1
Lactobacillus casei	lactic	1
Cytophaga	cellulase	1
Bacteroides fragilis	trypsin	1
Eubacterium	pyridoxine	1
Lactobacillus johnsonii	propionic	1
Bifidobacterium	xanthan	1
Spirochaetia	xylanase	1
Salmonella enterica subsp. enterica serovar Typhimurium	agar	1
Elizabethkingia anophelis	hydrogen	1
Lactobacillus sp.	Agar	1
Budvicia	lactic	1
Budvicia	ethanol	1
Lactobacillus curvatus	Mannitol	1
Mycoplasma pneumoniae	mannitol	1
Wigglesworthia	pyridoxine	1
Salmonella enterica	glycine	1
Komagataeibacter	cellulose	1
Candidatus Methanoplasma	methanol	1
Pseudomonas aeruginosa	benzoic	1
Bacillus firmus	arabinose	1
Pantoea ananatis	cellulose	1
Pseudoalteromonas haloplanktis TAC125	lipase	1
Ruminiclostridium thermocellum ATCC 27405	xylanase	1
Desulfovibrio	nicotinic	1
Varibaculum cambriense	arabinose	1
Oceanobacillus iheyensis	biotin	1
Escherichia coli	nisin	1
Clostridium	Methanol	1
Pseudonocardia asaccharolytica	methanol	1
Cellulomonas flavigena	cellulase	1
Frischella perrara	agar	1
Acidobacteriia	ethanol	1
Bacteroides cellulosilyticus	pectin	1
[Pasteurella] pneumotropica	agar	1
Streptococcus mutans	N-acetylglucosamine	1
Bifidobacterium longum	alpha-galactosidase	1
Enterococcus faecalis	nisin	1
Providencia stuartii	Ethylenediaminetetraacetic	1
Enterococcus	folic	1
Nitrospira sp.	nitrogen	1
Thiobacter	nitrogen	1
Firmicutes	nicotinic	1
Prevotella bryantii	nitrogen	1
Weissella	dextran	1
Lactobacillus helveticus	ethyl acetate	1
Cellulosimicrobium funkei	cellulose	1
Pediococcus pentosaceus	agar	1
Pediococcus pentosaceus	nisin	1
Staphylococcus epidermidis	propionic	1
Bacillus	benzoic	1
Lactobacillus crispatus	peroxidase	1
Haemophilus	hydrogen	1
Methanobrevibacter oralis	hydrogen	1
Streptococcus mutans	alpha-amylase	1
Bacillus infantis	calcium alginate	1
Faecalibacterium prausnitzii	biotin	1
Bifidobacterium longum	N-acetylglucosamine	1
Listeria monocytogenes	lactic	1
Gardnerella vaginalis	gold	1
Salmonella	nitrous oxide	1
Ochrobactrum anthropi	agar	1
Aeromonas jandaei	Silver	1
Staphylococcus aureus	sucralose	1
Thermobifida fusca	cellulase	1
Bacteroides fragilis NCTC 9343	agar	1
Bacteroides fragilis NCTC 9343	N-acetylglucosamine	1
Porphyromonas gingivalis	sucralose	1
Methanomicrobiales	methanol	1
Carnobacterium divergens	sorbic	1
Lactobacillus	trypsin	1
Prevotella	lipase	1
Lactobacillus casei	lipase	1
Serratia liquefaciens	pectin	1
Propionibacterium	lactic	1
Brucella abortus	glycine	1
Streptococcus infantarius	hydrogen	1
Shigella dysenteriae	ethanol	1
Proteobacteria	agar	1
Candidatus Cloacimonas acidaminovorans	hydrogen	1
[Clostridium] clariflavum	ethanol	1
Pediococcus acidilactici	chitosan	1
Faecalibacterium prausnitzii	Pectin	1
Oenococcus oeni	lactic	1
Acetobacter aceti	cellulose	1
Methanobrevibacter smithii	lipase	1
Megasphaera elsdenii	nitrogen	1
Lactococcus lactis	nitrogen	1
Acetobacteraceae	carbon dioxide	1
unidentified plasmid	Beta-galactosidase	1
Alistipes obesi	glycine	1
Desulfovibrio	lipase	1
Hespellia stercorisuis	sorbitol	1
Carnobacterium divergens	benzoic	1
Bifidobacterium sp.	Agar	1
Bacteroides thetaiotaomicron	pullulanase	1
Bacteroides helcogenes	mannitol	1
Proteus	agar	1
Pyrococcus	Ethylenediaminetetraacetic	1
Erwinia	nitrogen	1
Staphylococcus sp.	nitrous oxide	1
Synergistales	hydrogen	1
Leuconostoc mesenteroides	Agar	1
Moraxella catarrhalis	agar	1
Candidatus Hamiltonella	riboflavin	1
Enterococcus	pyridoxine	1
Sphingomonadales	biphenyl	1
Blautia	ethanol	1
Helicobacter	hydrogen	1
Synergistetes	glycine	1
Leucobacter zeae	lactic	1
plasmids	arabinose	1
Lactococcus	lactic	1
Clostridiales	peroxidase	1
Acinetobacter johnsonii	riboflavin	1
Gluconacetobacter diazotrophicus	invertase	1
unidentified plasmid	mannitol	1
Zobellia	agar	1
Campylobacteraceae	hydrogen	1
Lactobacillus	sorbitol	1
Lactobacillus gasseri	benzoic	1
Peptoclostridium difficile	sorbitol	1
Bacteroides salanitronis	arabinose	1
Proteobacteria	safflower	1
Lactobacillus salivarius	ethanol	1
Actinobacteria	methanol	1
Bifidobacterium sp.	agar	1
Listeria	methyl cellulose	1
Lactobacillus plantarum	calcium alginate	1
Propionibacterium freudenreichii	xylitol	1
Hespellia porcina	sorbitol	1
Fusobacteriia	propionic	1
Bacillus atrophaeus	glycine	1
Neisseria meningitidis	nitrogen	1
Erysipelatoclostridium ramosum	dextran	1
Staphylococcus hominis	tannic	1
Bacteroides thetaiotaomicron	glycine	1
Oceanospirillales	nitrogen	1
Promicromonospora citrea	pectinase	1
Mitsuokella jalaludinii	hydrogen	1
Enterococcus faecalis	lactic	1
Bacteroidia	gold	1
Rhodococcus jostii RHA1	hydrogen	1
Serratia entomophila	agar	1
Cellulosimicrobium cellulans	cellobiase	1
Lactobacillus acidophilus	nitrogen	1
Streptococcus	pyridoxine	1
Bacteroides reticulotermitis	nitrogen	1
Actinomyces	folic	1
Chromohalobacter japonicus	ethanol	1
Candidatus Methanomethylophilus alvus	methanol	1
Bacteroides sp.	arabinose	1
Lactobacillus paracasei	acetic	1
Xanthomonadaceae	cellulose	1
Bacillus subtilis	Pantothenic	1
Listeria monocytogenes	caprylic	1
Pedobacter	agar	1
Fibrobacter succinogenes	pectin	1
Rhodocyclaceae	nitrogen	1
Thermanaerovibrio acidaminovorans	ethanol	1
Verminephrobacter aporrectodeae	riboflavin	1
Bifidobacterium	Chitosan	1
Streptococcus	glycine	1
Peptococcus	carbon dioxide	1
Bacteroides	cellulase	1
Clostridium perfringens	cellulase	1
Staphylococcus aureus	propionic	1
Clostridium butyricum	riboflavin	1
Geothrix fermentans	carbon dioxide	1
Enterococcus faecalis	Lactic	1
Methanococcus aeolicus	hydrogen	1
Streptococcus sobrinus	mannitol	1
Microbacterium sediminis	glycine	1
Helicobacteraceae	hydrogen	1
Thioalkalivibrio	nitrogen	1
Photobacterium	cellulose	1
Lactobacillus gasseri	methanol	1
Anaerococcus	cellulose	1
Salmonella enterica subsp. enterica serovar Enteritidis	sodium propionate	1
Enterococcus mundtii	agar	1
Alistipes finegoldii	agar	1
Propionibacterium freudenreichii	nicotinic	1
Aminobacter aminovorans	riboflavin	1
Bifidobacterium	cellulose	1
Burkholderiales bacterium 1_1_47	nitrous oxide	1
Staphylococcus warneri	cellobiase	1
Prevotella	xylitol	1
Pedobacter glucosidilyticus	pectin	1
Planomicrobium glaciei	tannic	1
Reichenowia	nitrogen	1
Clostridium	nicotinic	1
Heliobacterium gestii	nitrogen	1
Shigella sp.	agar	1
Enterococcus	ethanol	1
Dickeya dadantii	cellulase	1
Methyloversatilis	nitrogen	1
Lactobacillales	riboflavin	1
Porphyromonas gingivalis	nitrogen	1
Neisseriaceae	Agar	1
Streptomyces aureus	mannitol	1
Enterobacter aerogenes	tannic	1
Cellulomonas denverensis	cellulose	1
Proteus mirabilis	tannic	1
Synergistia	hydrogen	1
Rhizobium leguminosarum	nitrogen	1
Wolbachia	ethanol	1
Lactobacillus fermentum	riboflavin	1
Leucobacter zeae	agar	1
Bacteroidales	ethanol	1
Pseudomonas aeruginosa	gold	1
Enterobacteriaceae	aspartame	1
Veillonella	lactic	1
Arcobacter	agar	1
Inmirania thermothiophila	hydrogen	1
environmental samples	xylanase	1
Actinobacteria	safflower	1
Bifidobacterium bifidum	nisin	1
Treponema azotonutricium	nitrogen	1
Dichelobacter nodosus	agar	1
Salmonella enterica	chitosan	1
Rhodobacter	ethanol	1
Weissella confusa	Mannitol	1
Flaviramulus ichthyoenteri	Nitrogen	1
Streptococcus mutans	sorbitol	1
Megasphaera	lactic	1
Pseudomonas syringae	malic	1
Lactobacillus gasseri	Cyanocobalamin	1
Sutterella wadsworthensis	gold	1
Dickeya	cellulose	1
Streptococcus vestibularis	nitrogen	1
Fusobacteriia	Riboflavin	1
Mycoplasma	sorbitol	1
Yersinia	nitrogen	1
Sphingobacteriales	cellulase	1
Epilithonimonas lactis	lipase	1
Gluconobacter	ethanol	1
Lactobacillus johnsonii	Hydrogen	1
Bacteroides thetaiotaomicron	xylanase	1
Clostridium acetobutylicum	hydrogen	1
Escherichia coli str. K-12 substr. MG1655	papain	1
Corynebacterium lipophiloflavum	glycine	1
Acinetobacter	Papain	1
Methanosarcina mazei	hydrogen	1
Streptomyces	agar	1
Propionibacterium	pectin	1
Planctomycetes	N-acetylglucosamine	1
Lactococcus garvieae	agar	1
Streptococcus mutans	ethanol	1
Pseudomonas putida	lipase	1
Amycolatopsis mediterranei U32	xylanase	1
Budvicia	acetic	1
Bacillus	hemicellulase	1
Enterococcus faecium	lipase	1
Pseudomonas aeruginosa	alginic	1
Porphyromonas gingivalis	carboxymethylcellulose	1
Cellulomonas	xylanase	1
Enterococcus faecalis	thaumatin	1
Pediococcus	xylanase	1
Thermotoga petrophila	hydrogen	1
Staphylococcus succinus	gold	1
Clostridium tyrobutyricum	Nisin	1
Micromonospora aurantiaca	xylanase	1
Synergistetes	ethanol	1
Lysobacter gummosus	xylanase	1
Escherichia coli	acetic	1
Staphylococcus warneri	xylanase	1
Methanomicrobiales	Gold	1
Xanthomonas	riboflavin	1
Coprococcus eutactus	propionic	1
Methylobacterium	methanol	1
Proteobacteria	guar gum	1
Deinococcus	cellulose	1
Lachnospiraceae	nitrogen	1
Caulobacter	cellulose	1
Shigella	lactic	1
Lactobacillus fermentum	nitrogen	1
Bacillus clausii	hydrogen	1
Methanosarcina acetivorans	carbon dioxide	1
Enterobacter hormaechei	tannic	1
Clostridium acetobutylicum	xylanase	1
Propionibacterium freudenreichii	folic	1
Enterococcus faecalis	hydrogen	1
Enterococcus	pectin	1
Enterobacteriales	Lactic	1
Enterobacter	cellulose	1
Zobellia galactanivorans	red algae	1
Varibaculum cambriense	glycine	1
Chlamydia	hydrogen	1
[Clostridium] sordellii	Agar	1
Escherichia coli	carboxymethylcellulose	1
Paenibacillus dendritiformis	tannic	1
Bifidobacterium animalis	peroxidase	1
Enterococcus asini	Cellulose	1
unidentified plasmid	trypsin	1
Anoxybacillus	xylanase	1
Actinobacteria	cellobiase	1
Syntrophomonas wolfei	ethanol	1
Klebsiella pneumoniae	chitosan	1
Weissella fabaria	arabinose	1
Prevotella copri	xylanase	1
Bacteroidia	pyridoxine	1
Lactobacillus helveticus	glycine	1
Enterococcus faecium	Xylitol	1
Bacteroides fragilis	acetic	1
Peptoniphilus gorbachii	glycine	1
unclassified Pasteurellaceae	hydrogen	1
Bacteroides helcogenes	lipase	1
Listeria	nitrogen	1
Prevotella	glycine	1
Sphingomonas paucimobilis	xanthan	1
Eubacteriaceae	nitrogen	1
Pseudomonas fluorescens	lipase	1
Bacteroides thetaiotaomicron	Gold	1
Propionibacterium acnes	Propionic	1
Clostridium perfringens	Agar	1
Thermotogae	hydrogen	1
Streptococcus gordonii	hydrogen	1
Enterococcus faecium	lactic	1
Clostridium perfringens	Pectin	1
Lactobacillus helveticus	biotin	1
Lactococcus	Lactic	1
Bifidobacterium bifidum	nitrogen	1
Bacillus megaterium	nitrogen	1
Gemmatimonadetes	nitrogen	1
Microbacterium	cellulase	1
Wolbachia	dextran	1
Pediococcus acidilactici	Nisin	1
Staphylococcus	gold	1
Lactococcus lactis	Gold	1
Lactobacillus buchneri	nitrogen	1
Actinomyces	lipase	1
Prevotella	biotin	1
Lactobacillus plantarum	methanol	1
Lactobacillus acidophilus	Chitosan	1
Bifidobacterium bifidum	sucralose	1
Clostridium butyricum	propionic	1
environmental samples	nitrogen	1
Desulfotomaculum carboxydivorans	hydrogen	1
Enterobacteriales	Sucralose	1
Bilophila wadsworthia	safflower	1
Staphylococcus	Nisin	1
Paenibacillus larvae	Gold	1
Fontimonas thermophila	Chitosan	1
Staphylococcus	pyridoxine	1
Desulfovibrio	Propionic	1
Veillonella	pectin	1
Bacillus infantis	propionic	1
Enterobacteriaceae	sucralose	1
Lactobacillus casei	sodium alginate	1
Salmonella	glycine	1
Lactococcus lactis	alpha-amylase	1
Clostridiales	acetic	1
Sneathia amnii	agar	1
Micrococcus	nitrogen	1
Elizabethkingia anophelis	cellulase	1
Escherichia coli	Folic	1
Alphaproteobacteria	glycine	1
Bacillus	glycine	1
Propionibacterium freudenreichii	lactic	1
Fusobacterium	nitrogen	1
Leptospirillum ferrodiazotrophum	nitrogen	1
Methanobrevibacter woesei	carbon dioxide	1
Bacilli	hydrogen	1
Burkholderiales	nitrogen	1
Pseudomonas putida	mannitol	1
Lactobacillus	Pectin	1
Enterobacter	hydrogen	1
Actinobacteria	aspartame	1
Bacteroidia	Pectin	1
Pseudomonas fluorescens	hydrogen	1
Coprococcus	propionic	1
Pseudomonas protegens	hydrogen	1
Lactobacillus reuteri	calcium alginate	1
Bacillus flexus	glycine	1
Leuconostocaceae	Cellulase	1
Cytophaga hutchinsonii	cellulose	1
Firmicutes	biotin	1
Parabacteroides distasonis	dextran	1
Pseudomonas putida	hydrogen	1
Lactobacillales	Lactic	1
Chlamydia avium	biotin	1
Methanosphaera stadtmanae	N-acetylglucosamine	1
Pseudomonas bauzanensis	tannic	1
Thermacetogenium	cellulose	1
Escherichia coli BL21	agar	1
Firmicutes	acetic	1
Aquimarina	agar	1
Sutterella	propionic	1
Bacillus sp.	cellulase	1
Lachnoanaerobaculum umeaense	Agar	1
Enterobacter ludwigii	tannic	1
Pseudomonas aeruginosa	glycine	1
Burkholderia pseudomallei	gold	1
Enterobacteriaceae	riboflavin	1
Methanomicrobium mobile	pyridoxine	1
Firmicutes	guar gum	1
Escherichia faecalis	ethanol	1
Salmonella	dextran	1
Anaerobiospirillum succiniciproducens	hydrogen	1
Prevotella bivia	agar	1
Staphylococcaceae	lactic	1
Klebsiella	beta-glucosidase	1
Mycobacterium tuberculosis	Gold	1
Blautia	propionic	1
Enterococcus faecium	tannic	1
Bacillus licheniformis	xylanase	1
Heliobacterium modesticaldum	chlorophyll	1
Thiothrix nivea	agar	1
unidentified plasmid	isopropanol	1
Lactobacillus plantarum	Xylitol	1
Chlamydia	gold	1
Bifidobacterium animalis subsp. lactis	rennet	1
Parvibaculum lavamentivorans	nitrogen	1
Brucella	ethanol	1
Synergistia	ethanol	1
Ruminococcus	lipase	1
Streptococcus	Agar	1
Cellulomonas fimi ATCC 484	xylanase	1
Streptococcus	methanol	1
Methanobrevibacter woesei	hydrogen	1
Carnobacterium mobile	benzoic	1
Chitinophagaceae	cellulose	1
Streptomyces aureus	chitosan	1
Bacteroides fragilis NCTC 9343	methanol	1
Methanocorpusculaceae	hydrogen	1
Weissella confusa	arabinose	1
Salmonella enterica	Agar	1
Bacillus subtilis	Curcumin	1
plasmids	cellulase	1
Sporomusa	methanol	1
Gilvimarinus chinensis	methanol	1
Proteiniphilum	propionic	1
Lactobacillus fermentum	Arabinose	1
Methanoculleus	carbon dioxide	1
Salmonella enterica subsp. enterica serovar Typhimurium	trypsin	1
Clostridium cellulovorans	hydrogen	1
Azotobacter	nitrogen	1
Thermotogae	ethanol	1
Bifidobacterium animalis	sodium propionate	1
Lactobacillus delbrueckii	agar	1
Candidatus Evansia	riboflavin	1
Clostridium	lipase	1
Trabulsiella	agar	1
Firmicutes	chitosan	1
Christensenellaceae	nitrogen	1
Propionibacterium	ethanol	1
Flavobacteriia	brown algae	1
Methanobacteriales	Gold	1
Staphylococcus warneri	tannic	1
Serratia marcescens	Benzoic	1
Methanobrevibacter ruminantium M1	hydrogen	1
Bacteroidia	Lactic	1
Synergistales	ethanol	1
Alphaproteobacteria	Glycine	1
Sphingomonas sp.	nitrogen	1
Staphylococcus epidermidis	chitosan	1
[Clostridium] stercorarium	cellulose	1
Neisseria meningitidis	agar	1
Hyphomicrobium	methanol	1
Paenibacillus polymyxa	cellulose	1
Bacteroides fragilis	succinic	1
Propionibacterium acnes	trypsin	1
Lactobacillus	pyridoxine	1
Fusobacteriia	thiamin	1
Streptococcus equinus	agar	1
Pseudomonas taiwanensis	nitrogen	1
Enterococcus durans	agar	1
Helicobacter typhlonius	agar	1
Bifidobacterium bifidum	tea extract	1
Fusobacterium	methanol	1
Lactobacillus casei	ethanol	1
Faecalibacterium prausnitzii	cellulose	1
Clostridium kluyveri	silver	1
Corynebacterium kutscheri	agar	1
Staphylococcus	pectin	1
Acinetobacter baumannii	tannic	1
Corynebacterium	agar	1
Terribacillus aidingensis	glycine	1
Staphylococcus succinus	tannic	1
Erwinia	xylanase	1
Clostridium butyricum	biotin	1
Bacteroidia	Riboflavin	1
Enterococcus faecalis	xylanase	1
Yersinia pestis	glycine	1
Methanosarcina barkeri	carbon dioxide	1
Geobacillus thermodenitrificans	nisin	1
Blautia coccoides	Pectin	1
Varibaculum cambriense	silver	1
Bacteroidaceae	propionic	1
Prevotella	arabinose	1
Geobacter	ethanol	1
Clostridia	fumaric	1
Lactobacillus acidophilus	peroxidase	1
Treponema primitia	biotin	1
Lactobacillus fermentum	nisin	1
Enterococcus faecalis	ethyl acetate	1
Stenotrophomonas maltophilia	gold	1
Enterobacteriales	lactic	1
Veillonella	lipase	1
Clostridium perfringens	xylanase	1
unidentified plasmid	ethyl acetate	1
Bacillus infantis	agar	1
Desulfovibrio	riboflavin	1
Actinomyces	gold	1
Lactobacillus fermentum	hydrogen	1
Chlamydophila felis	biotin	1
Campylobacter jejuni	Fumaric	1
Lactobacillus salivarius	nisin	1
Enterococcus faecium	Gold	1
Campylobacter jejuni	Propionic	1
Acetobacter lambici	ethanol	1
Pectobacterium carotovorum	Mannitol	1
Pseudomonas aeruginosa	pectin	1
Campylobacter fetus	agar	1
Bifidobacterium actinocoloniiforme	acetic	1
Staphylococcus xylosus	tannic	1
Pseudomonas syringae	ethanol	1
Gardnerella	agar	1
Desulfurococcus fermentans	cellulose	1
Archaea	calcium carbonate	1
Proteobacteria	xylanase	1
Bacteroides	aspartame	1
Clostridiales	microcrystalline cellulose	1
Lactobacillus acidophilus	Lactic	1
Salmonella	retinol	1
Bifidobacterium	Biotin	1
Bifidobacterium animalis subsp. lactis	Gold	1
Alistipes	pectin	1
Methanosphaera	pyridoxine	1
Chlamydia gallinacea	biotin	1
Bifidobacterium asteroides	riboflavin	1
Vibrio cholerae	riboflavin	1
Edwardsiella ictaluri	hydrogen	1
Lactococcus lactis	ethanol	1
Bacteroidia	acetic	1
[Clostridium] celerecrescens	agar	1
Sinorhizobium meliloti	nitrogen	1
Lactobacillus rhamnosus	Gold	1
Campylobacter jejuni	L-Glutamic	1
Streptococcus	Nitrogen	1
Desulfitobacterium dehalogenans	agar	1
Bifidobacterium longum	riboflavin	1
Veillonella dispar	agar	1
Lactobacillus plantarum	Tannic	1
Listeria	nisin	1
Pantoea ananatis	pectin	1
Thermodesulfovibrio	nitrogen	1
Lactobacillus brevis	mannitol	1
Lactobacillus reuteri	isomalt	1
Trichodesmium spiralis	Gold	1
Dyadobacter fermentans	cellulose	1
Pseudomonas syringae	chitosan	1
Actinomyces graevenitzii	agar	1
Lactobacillus gasseri	N-acetylglucosamine	1
Piscirickettsia	agar	1
Deltaproteobacteria	sucralose	1
unidentified plasmid	gold	1
Campylobacter jejuni	Silver	1
Fusobacterium	acetic	1
Bacteroides salanitronis	sorbitol	1
Agrobacterium tumefaciens	xylanase	1
[Clostridium] celerecrescens	methanol	1
Prevotella salivae	pyridoxine	1
Lactobacillus gasseri	Nicotinic	1
Prevotella salivae	riboflavin	1
Bacillus mojavensis	glycine	1
Shigella flexneri	hydrogen	1
Microbacterium imperiale	glycine	1
Lactobacillus delbrueckii subsp. bulgaricus	lactic	1
Synergistetes	hydrogen	1
Spirochaetales	hydrogen	1
Yersinia pestis	arabinose	1
Klebsiella oxytoca	Cellulose	1
Clostridium tyrobutyricum	dextran	1
Pseudomonas aeruginosa	chitosan	1
Yersinia pseudotuberculosis	ethanol	1
Lactobacillus fermentum	succinic	1
Lachnoanaerobaculum umeaense	agar	1
Rhodoplanes oryzae	agar	1
Bacillus pumilus	cellulase	1
Campylobacter coli	Fumaric	1
Lactobacillus coryniformis	glycine	1
Proteobacteria	Pectin	1
Campylobacter jejuni	Hydrogen	1
Streptomyces aureus	sorbitol	1
Ruminococcus	folic	1
[Clostridium] clostridioforme	nisin	1
Methanobacterium	ethanol	1
Listeria ivanovii	agar	1
Lactobacillus salivarius UCC118	nisin	1
Lactobacillus gasseri	L-Glutamic	1
unidentified insertion sequence	peroxidase	1
Staphylococcus epidermidis	nisin	1
Bifidobacterium boum	agar	1
Bacteroidales	acetic	1
Akkermansia muciniphila	sodium propionate	1
Escherichia coli	potassium chloride	1
[Pseudomonas] geniculata	tannic	1
Escherichia coli	lycopene	1
Fusobacterium nucleatum	Agar	1
Clostridium butyricum	cholecalciferol	1
Bacteroides dorei	pectin	1
Enterobacteriales	dextran	1
Bifidobacterium	benzoic	1
Salmonella	thiamin	1
Bacillus subtilis	alpha-amylase	1
Escherichia coli	Curcumin	1
Anaeroplasma	pectin	1
Clostridiales	sucralose	1
Cytophagales	cellulose	1
[Clostridium] aminophilum	ethanol	1
Enterobacter asburiae	cellulase	1
Bacillus subtilis	subtilisin	1
Photorhabdus luminescens	hydrogen	1
Prevotella bergensis	beta-glucosidase	1
Caldicellulosiruptor bescii	cellulose	1
Trueperella pyogenes	Propionic	1
Enterococcus faecalis	nitrogen	1
Wolbachia	phosphoric	1
Trabulsiella guamensis	agar	1
Ruminococcus flavefaciens	cellulase	1
Methanosaeta	nitrogen	1
Clostridium perfringens	Xylanase	1
Aggregatibacter actinomycetemcomitans	sucralose	1
Caryophanon latum	nitrogen	1
Methanothermobacter	cellulose	1
Ruminococcaceae	carbon dioxide	1
Bifidobacterium breve	alpha-galactosidase	1
Heliobacterium modesticaldum	arabinose	1
Vibrio	red algae	1
Mycobacterium smegmatis	tannic	1
Sphaerochaeta	peroxidase	1
Bifidobacterium longum	gold	1
Lactobacillus paracasei	dextran	1
Lactobacillus plantarum	n-acetylglucosamine	1
Neorickettsia	biotin	1
Pyxidicoccus fallax	brown algae	1
Mycobacterium tuberculosis	peroxidase	1
Helicobacter pylori	ethanol	1
Gammaproteobacteria	nitrogen	1
Helicobacter pylori	gold	1
Sphingobium japonicum UT26S	biphenyl	1
Lactobacillus	arabinose	1
Acetobacteraceae	Agar	1
Xylella	N-acetylglucosamine	1
Pediococcus	folic	1
Escherichia coli O157	cellulose	1
Necropsobacter massiliensis	mannitol	1
Streptomyces aureus	glucose oxidase	1
Ruminococcaceae	nitrogen	1
Butyrivibrio fibrisolvens	pectin	1
Propionibacterium acnes	nisin	1
Firmicutes	trypsin	1
Bacteroidia	beta-glucosidase	1
Fibrobacteria	xylanase	1
Megasphaera elsdenii	pectin	1
Elizabethkingia	ethanol	1
Methanobrevibacter ruminantium	carbon dioxide	1
Alcaligenes faecalis	gold	1
Sphingomonas sanguinis	hydrogen	1
Bacteroidia	microcrystalline cellulose	1
Lactobacillus paracasei	ethanol	1
Azotobacter	cellulose	1
Lactobacillus sakei	sodium propionate	1
Helicobacter pylori	Nitrogen	1
[Clostridium] celerecrescens	hydrogen	1
Verminephrobacter eiseniae	riboflavin	1
Eubacterium	hydrogen	1
Salmonella enterica subsp. enterica serovar Typhimurium	hydrogen	1
Nesterenkonia flava	cellulose	1
Escherichia coli	Nisin	1
Micrococcus	Nisin	1
Yersinia enterocolitica	sorbitol	1
Peptoclostridium difficile	propionic	1
Candidatus Phaeomarinobacter ectocarpi	red algae	1
Thermotogales	ethanol	1
Wolbachia	carbon dioxide	1
Lactobacillus delbrueckii	alpha-amylase	1
Lactobacillus amylovorus	agar	1
Exiguobacterium indicum	tannic	1
Methanosaeta	ethanol	1
Enterococcus gallinarum	gold	1
Gaetbulibacter saemankumensis	Nitrogen	1
Lactobacillaceae	carbon dioxide	1
Lactobacillus rhamnosus LOCK900	tea extract	1
Lactobacillus curvatus	Sorbitol	1
[Ruminococcus] torques	biotin	1
Veillonella	agar	1
unidentified plasmid	lactic	1
Bacteroides fragilis	Gold	1
Listeria	cellulose	1
Enterobacteriales	Ethanol	1
Lactobacillus kunkeei	hydrogen	1
Rahnella	nitrogen	1
Methanococci	Glycine	1
Campylobacter	chlorine	1
Bacillus licheniformis	trypsin	1
Propionibacterium granulosum	trypsin	1
Bifidobacterium bifidum	gold	1
Streptococcus iniae	agar	1
Pectobacterium	nitrogen	1
Ruminococcus	pectin	1
Parasaccharibacter	agar	1
Lactobacillus	nitrogen	1
Pseudomonas aeruginosa	Ethylenediaminetetraacetic	1
Propionibacterium	pyridoxine	1
Geobacter sp.	carbon dioxide	1
Delftia	agar	1
Akkermansia muciniphila	saccharin	1
Lactobacillus acidophilus NCFM	Lactitol	1
Ruminococcus	nicotinic	1
Porphyromonas gingivalis	biotin	1
Methanosphaera	pectin	1
Eubacterium	lipase	1
Enterobacteriaceae	xylanase	1
Citrobacter freundii	gold	1
Micrococcales	cellobiase	1
Rothia aeria	agar	1
Lactobacillus iners	lactic	1
Acinetobacter baumannii	agar	1
Arthrobacter arilaitensis	glycine	1
Euryarchaeota	carbon dioxide	1
Succinivibrio dextrinosolvens	acetic	1
plasmids	ethanol	1
Bacteroides xylanolyticus	cellulose	1
Weissella confusa	Dextran	1
Leptotrichia hongkongensis	carbon dioxide	1
Mycobacterium tuberculosis	riboflavin	1
Pyramidobacter piscolens	hydrogen	1
Streptomyces aureus	trypsin	1
Prosthecochloris	nitrogen	1
Methanoculleus	cellulose	1
Leptospirillum	cellulose	1
Clostridiales	gold	1
Staphylococcus aureus	lactic	1
Escherichia faecalis	Nisin	1
Ochrobactrum grignonense	tannic	1
Lactobacillus delbrueckii	nitrogen	1
Lactobacillus rhamnosus GG	chlorophyllin	1
Lactobacillus delbrueckii	ethanol	1
Lactobacillus acidophilus	arabinose	1
Leuconostoc	cellulose	1
Prevotella	propionic	1
Sphingomonas paucimobilis	gellan	1
Weissella cibaria	guar gum	1
Klebsiella	sorbitol	1
Hespellia porcina	arabinose	1
Propionivibrio militaris	hemicellulase	1
Acidobacteriia	pectin	1
Methanomicrobium mobile	carbon dioxide	1
Enterobacteriaceae	Methanol	1
Methanobacteria	Glycine	1
Clostridiales	aspartame	1
Petrotoga mobilis	ethanol	1
Shewanella oneidensis	ethanol	1
Pasteurella multocida	agar	1
Veillonella dispar	nitrous oxide	1
Ochrobactrum intermedium	agar	1
Streptococcus thermophilus	methyl cellulose	1
Bacillus acidopullulyticus	pullulanase	1
Thiocystis violascens	ethyl acetate	1
Wolbachia	propionic	1
Shigella	propionic	1
Megasphaera elsdenii	cellulose	1
Firmicutes	microcrystalline cellulose	1
Clostridium butyricum	folic	1
Lactobacillus plantarum	pantothenic	1
Clostridium perfringens	chlorine	1
Lactobacillus johnsonii	peroxidase	1
Buchnera aphidicola	nitrogen	1
Desulfovibrio	pectin	1
Brucella	nitrogen	1
Clostridium	Lactic	1
Streptococcus parasanguinis	arabinose	1
Bifidobacteriaceae	pyridoxine	1
Nocardioides jensenii	agar	1
Sphingobacteriales	cellulose	1
Bacillus circulans	glycine	1
Lactobacillus plantarum	sodium alginate	1
Streptococcus pasteurianus	tannic	1
Campylobacter coli	Succinic	1
Fusobacterium	nicotinic	1
Methanomicrobia	hydrogen	1
Rhodococcus jostii	biphenyl	1
Bacillus endophyticus	glycine	1
Snodgrassella alvi	agar	1
Propionibacterium freudenreichii	lipase	1
Prosthecobacter fusiformis	riboflavin	1
Rothia mucilaginosa	hydrogen	1
Propionibacterium	riboflavin	1
[Brevibacterium] frigoritolerans	glycine	1
Acinetobacter baylyi	agar	1
Haemophilus	peroxidase	1
Escherichia	hydrogen	1
Arthrospira maxima	benzoic	1
Lactobacillus kefiranofaciens	dextran	1
Listeria monocytogenes	Ethanol	1
Escherichia faecalis	chitosan	1
Firmicutes	dextran	1
Lactobacillus rhamnosus GG	peroxidase	1
Lactobacillus	tannase	1
Escherichia coli	sodium propionate	1
Lactobacillus fermentum	amaranth	1
Firmicutes	mannitol	1
Proteocatella	ethanol	1
Listeria	Agar	1
Lactobacillus sakei	sodium lactate	1
Camelimonas abortus	biotin	1
Lactobacillus brevis	Xylitol	1
Legionella	cellulose	1
Salmonella enterica	ethylenediaminetetraacetic	1
Stenotrophomonas	agar	1
Mucispirillum	hydrogen	1
Methanosarcinaceae	nitrogen	1
Dyella ginsengisoli	cellulose	1
Caldalkalibacillus thermarum	glycine	1
Sphingomonadales	xylanase	1
Faecalibacterium prausnitzii	Riboflavin	1
Sinorhizobium meliloti	beta-galactosidase	1
Pseudomonas fluorescens	nitrogen	1
Streptococcus mutans	dextran	1
Enterobacteriales	cellulase	1
Arthrobacter globiformis	nitrogen	1
Chlamydia pneumoniae	biotin	1
Bifidobacterium	pullulanase	1
Fusobacterium	folic	1
Carnobacterium divergens	nisin	1
Sphingomonas wittichii RW1	biphenyl	1
Streptococcus mutans	chitosan	1
Enterococcus sp.	pectin	1
Lachnospiraceae	carbon dioxide	1
Bacteroides salanitronis	glycine	1
Lawsonia intracellularis	agar	1
Porphyromonadaceae	cellulose	1
Lactobacillus johnsonii	n-acetylglucosamine	1
Clostridium	methanol	1
Anoxybacillus ayderensis	Agar	1
Yersinia pseudotuberculosis	sorbitol	1
Staphylococcus saprophyticus	tannic	1
Pseudomonas	pectinase	1
Cyanobacteria	ozone	1
Morganella	agar	1
Staphylococcus hominis	gold	1
Pseudomonas fluorescens	malic	1
Microbacterium barkeri	carbon dioxide	1
Escherichia coli	Ethylenediaminetetraacetic	1
Bifidobacterium bifidum	guar gum	1
Prevotella	nicotinic	1
Enterobacteriaceae	sodium alginate	1
Euryarchaeota	ethanol	1
Synergistetes	Agar	1
Corynebacterium	Nisin	1
Peptoclostridium difficile	Gold	1
Candidatus Evansia	nitrogen	1
Lactobacillus sp.	pectin	1
Prevotella bryantii	arabinose	1
Selenomonas ruminantium	Malic	1
Lactobacillus acidophilus	sucralose	1
Pediococcus pentosaceus	lactic	1
Bacteroides thetaiotaomicron	peroxidase	1
Streptococcus	cellulose	1
Actinobacillus pleuropneumoniae	agar	1
Propionibacterium	lipase	1
Alcanivorax	chlorophyll	1
Leuconostoc mesenteroides	cellulase	1
Staphylococcus epidermidis	Benzyl alcohol	1
Ruminococcus	dextran	1
Cellulosimicrobium cellulans	pectinase	1
Bacteroides helcogenes	sorbitol	1
Acetobacteraceae	hydrogen	1
Parabacteroides distasonis	aspartame	1
Escherichia faecalis	peroxidase	1
Enterobacteriaceae	arabinose	1
Succinivibrio dextrinosolvens	succinic	1
Bacillus firmus	glycine	1
Klebsiella pneumoniae	propionic	1
Aeromonas	N-acetylglucosamine	1
Campylobacter concisus	trypsin	1
Methanoculleus marisnigri	methanol	1
Actinobacteria	propionic	1
Bifidobacteriales	thiamin	1
ant endosymbionts	nitrogen	1
Acinetobacter baumannii	ethanol	1
Lactococcus lactis	rennet	1
Yersinia enterocolitica	agar	1
Bacteroides vulgatus	beta-glucosidase	1
Spirochaetales	peroxidase	1
Chlorobaculum tepidum	nitrogen	1
Aliivibrio fischeri	agar	1
Treponema denticola	hydrogen	1
Lactobacillus fermentum	Lactic	1
Lactobacillus rhamnosus GG	cellulose	1
Staphylococcus epidermidis	ethanol	1
Yersinia pestis	Carbon dioxide	1
Fibrobacter succinogenes	hydrogen	1
Cellulosimicrobium	cellulose	1
plasmids	silver	1
Yersinia ruckeri	hydrogen	1
Mycobacterium	Nisin	1
Methylophilaceae	methanol	1
Clostridium	lutein	1
Bacillus subtilis	pectin	1
Bacillales	cellulose	1
Salmonella enterica subsp. enterica serovar Typhimurium	gold	1
Lactococcus garvieae	glycine	1
Citrobacter freundii	tannic	1
Bacillus firmus	cellulose	1
Moraxella	agar	1
Barnesiella	dextran	1
Bacillaceae	carbon dioxide	1
Streptococcus pyogenes	hydrogen	1
Mycobacterium tuberculosis	gold	1
Streptococcaceae	lactic	1
Serratia marcescens	ethanol	1
Citrobacter	cellulase	1
Pseudomonadales	nitrogen	1
bacterium UASB270	cellulase	1
Akkermansia muciniphila	sucralose	1
Bifidobacterium breve	Chitosan	1
Bifidobacterium	gellan	1
Streptococcus sobrinus	xylitol	1
Bacteroides uniformis	xylanase	1
Xanthomonas axonopodis	xylanase	1
Methanosphaera stadtmanae	pectin	1
Klebsiella pneumoniae	ethanol	1
Staphylococcus aureus	saccharin	1
Pelotomaculum	hydrogen	1
Chlamydia trachomatis	gold	1
Dorea	hydrogen	1
Syntrophobacter	hydrogen	1
Brevundimonas	lipase	1
Thiocystis violascens	nitrogen	1
Lactobacillus delbrueckii subsp. bulgaricus	tea extract	1
Pseudomonas aeruginosa	curcumin	1
Ralstonia	nitrous oxide	1
Mycoplasma pneumoniae	hydrogen	1
Porphyromonas gingivalis	xylitol	1
Bacteroides fragilis	lactic	1
Salmonella enterica subsp. enterica serovar Typhi	agar	1
Mycobacterium smegmatis	Gold	1
Lactobacillus crispatus	lipase	1
Sphingobacteriia	nitrogen	1
Deltaproteobacteria	saccharin	1
Pseudomonas aeruginosa PAO1	lactic	1
Clostridium sp.	Agar	1
Novosphingobium aromaticivorans DSM 12444	biphenyl	1
Enterococcus	nicotinic	1
Firmicutes	propionic	1
Atopobium vaginae	lactic	1
Proteus mirabilis	Ethylenediaminetetraacetic	1
Neisseria gonorrhoeae	agar	1
Bacteroidia	arabinose	1
Nitrosomonas	nitrous oxide	1
Aminobacterium	cellulose	1
Streptococcus	hydrogen	1
Bacillus cereus	nisin	1
Aeromonas hydrophila	chlorine	1
Alistipes indistinctus	lipase	1
Comamonas	cellulose	1
Cellulomonas flavigena	agar	1
Lactococcus lactis	lipase	1
Eubacterium	nitrogen	1
Chryseomicrobium amylolyticum	acetic	1
Clostridia	thiamin	1
Olsenella	dextran	1
Burkholderia cepacia	Agar	1
Stenotrophomonas maltophilia	tannic	1
Peptoclostridium difficile	gold	1
Enterococcus faecalis	tannic	1
Pseudomonas aeruginosa	carbon dioxide	1
Bacillus amyloliquefaciens	peroxidase	1
Variovorax	agar	1
Veillonella	nitrous oxide	1
Lactobacillus dextrinicus	Cellulose	1
Proteobacteria	Riboflavin	1
Methanobrevibacter smithii	carbon dioxide	1
Stenotrophomonas	cellulose	1
Streptococcus oralis	hydrogen	1
Candidatus Methanomethylophilus	hydrogen	1
Lactobacillus acidophilus	ethyl acetate	1
Streptococcus equinus	riboflavin	1
Dickeya dadantii	cellulose	1
Parabacteroides distasonis	sucralose	1
Bifidobacterium bifidum	lactic	1
Paenibacillus polymyxa	peroxidase	1
Lactobacillus graminis	Sorbitol	1
Firmicutes	aspartame	1
Enterococcus casseliflavus	gold	1
Ruminococcus bromii	cellulose	1
Zymomonas	ethanol	1
Cellulophaga lytica	cellulose	1
Phyllobacteriaceae	nitrogen	1
Enterobacter	peroxidase	1
Oceanobacillus iheyensis	N-acetylglucosamine	1
Clostridium	pyridoxine	1
Actinobacteria	Riboflavin	1
Vibrio harveyi	agar	1
Lactobacillus johnsonii	glycine	1
Bifidobacterium breve	lactitol	1
unidentified plasmid	ethanol	1
Planomicrobium okeanokoites	tannic	1
Cellulomonas gelida	cellulose	1
Bacillus subtilis	nisin	1
Bifidobacterium dentium	nitrogen	1
Klebsiella oxytoca	gold	1
Bacteroides barnesiae	Agar	1
Isoptericola variabilis	cellobiase	1
Methanopyrus kandleri	carbon dioxide	1
Candidatus Blastococcus massiliensis	N-acetylglucosamine	1
Corynebacterium ammoniagenes DSM 20306	riboflavin	1
Coprococcus eutactus	acetic	1
Fusobacterium	cellulose	1
Campylobacter coli	Agar	1
Bifidobacterium breve	Dextran	1
Lactobacillus reuteri	cellulose	1
Staphylococcus sciuri	tannic	1
Bacillus subtilis	glycine	1
Streptococcus thermophilus	cellulose	1
Salmonella enterica subsp. enterica serovar Typhi	gold	1
Lactobacillus rhamnosus	glycine	1
Euryarchaeota	nitrogen	1
Bacilli	mannitol	1
Streptococcus salivarius	peroxidase	1
Enterobacteriaceae	dextran	1
Staphylococcus epidermidis	Nisin	1
Escherichia faecalis	alpha-amylase	1
Deinococcus	ozone	1
Chryseomicrobium amylolyticum	succinic	1
Citrobacter	cellulose	1
Leuconostoc	lactic	1
Deltaproteobacteria	Hydrogen	1
Coprococcus catus	propionic	1
Parabacteroides distasonis	saccharin	1
[Clostridium] sporosphaeroides	hydrogen	1
Pseudomonas aeruginosa	thaumatin	1
Enterococcus faecium	microcrystalline cellulose	1
Bifidobacterium	Lactic	1
Clostridia	Glycine	1
Buchnera aphidicola	cellulose	1
Propionibacterium	glycine	1
Nitrososphaera	nitrogen	1
Arenibacter	agar	1
Peptoclostridium difficile	lactic	1
Chlamydia muridarum	biotin	1
Lactobacillus hilgardii	ethanol	1
Carnobacterium mobile	sorbic	1
environmental samples	ethanol	1
Archaea	pectin	1
Enterobacter	lactic	1
Lactobacillus johnsonii	carbon dioxide	1
Erwinia	pectin	1
Desulfovibrio vulgaris	carbon dioxide	1
Bifidobacterium breve	Agar	1
Streptococcus thermophilus	tea extract	1
Sphaerochaeta coccoides	cellulose	1
Firmicutes	Riboflavin	1
Lactobacillus crispatus	nitrogen	1
Carnobacterium viridans	agar	1
Staphylococcus epidermidis	tannic	1
Lactobacillus reuteri	pectin	1
Methylobacterium extorquens AM1	methanol	1
Bifidobacterium kashiwanohense	agar	1
Pediococcus acidilactici	Agar	1
Bacteroides fragilis	papain	1
Coprococcus catus	lactic	1
Bacillus licheniformis	subtilisin	1
Flavobacteriales	nitrogen	1
Hydrogenophaga	biphenyl	1
Acinetobacter baumannii	chitosan	1
Bradyrhizobium sp.	nitrogen	1
Novosphingobium resinovorum	xylanase	1
Cellulomonas fimi	cellulase	1
Flavobacterium rivuli	cellulose	1
Proteus mirabilis	chitosan	1
Barnesiella	propionic	1
Methanosphaera	lipase	1
Lactobacillus acidophilus	lipase	1
Actinobacteria	saccharin	1
Klebsiella	carbon dioxide	1
Ruminococcus	trypsin	1
Methanosarcinales	ethanol	1
Sulfitobacter	nitrogen	1
Lactobacillus crispatus	sodium lactate	1
Actinomyces	pyridoxine	1
Actinobacteria	cellulase	1
Lachnospiraceae	arabinose	1
Agrobacterium	xanthan	1
Enterococcaceae	lactic	1
Prevotella buccae	xylanase	1
Photorhabdus luminescens	agar	1
Pantoea ananatis	tannic	1
Dorea	carbon dioxide	1
Bacillus amyloliquefaciens	glycine	1
Anaerolineaceae	hydrogen	1
Gammaproteobacteria	hydrogen	1
Pediococcus	nisin	1
Bifidobacteriales	Lactic	1
Lactobacillus rhamnosus	lactic	1
Geobacillus stearothermophilus	ethanol	1
Lactobacillus	pepsin	1
Staphylococcus aureus	methyl cellulose	1
Lactobacillus	Gold	1
Bifidobacterium longum subsp. infantis	gold	1
Enterococcus	peroxidase	1
Bacteroides cellulosilyticus	cellulose	1
Eubacterium	benzoic	1
Rhodococcus jostii RHA1	cellulose	1
Pseudomonas putida	benzyl alcohol	1
Porphyromonas gingivalis	ethanol	1
Yersinia pestis	carbon dioxide	1
Treponema saccharophilum	pectin	1
Lactobacillus paracasei	hydrogen	1
Blautia	hydrogen	1
Bacteroides	Succinic	1
Lysobacter enzymogenes	xylanase	1
Tannerella	hydrogen	1
Weissella confusa	agar	1
Blattabacterium	malic	1
Edwardsiella tarda	agar	1
Methanocorpusculum labreanum	carbon dioxide	1
Clostridium butyricum	pantothenic	1
unidentified plasmid	lipase	1
Enterobacter cloacae	gold	1
Enterococcus casseliflavus EC20	beta-galactosidase	1
Lactobacillus casei	tannic	1
Streptococcus mutans	dextranase	1
Peptoclostridium difficile	carbon dioxide	1
Methanobrevibacter smithii	nicotinic	1
Proteus	Silver	1
Bacteroides coprosuis	lipase	1
Methanobacteriaceae	hydrogen	1
Thermobifida	xylanase	1
Staphylococcus	propionic	1
Salmonella enterica subsp. enterica serovar Typhimurium	dextran	1
Anaerolineae	cellulose	1
Lactobacillus hilgardii	trypsin	1
Shigella	Ethanol	1
Lactobacillus delbrueckii subsp. bulgaricus	chitosan	1
Escherichia coli	Mannitol	1
Methanoculleus marisnigri	carbon dioxide	1
Chromatiales	hydrogen	1
Enterobacter asburiae	nitrogen	1
Achromobacter	cellulose	1
Serratia liquefaciens	xylanase	1
Cenarchaeum symbiosum	thiamin	1
Streptococcus sobrinus	Sucralose	1
Bacteroides vulgatus	aspartame	1
Bifidobacterium longum	chitosan	1
Lactobacillus rhamnosus GG	microcrystalline cellulose	1
Chlorobiales	nitrogen	1
Catenibacterium	lactic	1
Proteobacteria	nicotinic	1
Vibrio cholerae	Methanol	1
Streptococcus suis	alpha-amylase	1
Enterococcus	Ethanol	1
Lactobacillus pentosus	N-acetylglucosamine	1
Lactobacillus reuteri	sucralose	1
Butyrivibrio	dextran	1
Ralstonia solanacearum	agar	1
Clostridium	acetic	1
Vibrio cholerae	chlorine	1
Bacteroides	tea extract	1
Enterococcus sp.	Agar	1
Proteus mirabilis	gold	1
Lactobacillus delbrueckii	inulinase	1
Curtobacterium	peroxidase	1
Ruminococcus champanellensis	microcrystalline cellulose	1
Candidatus Hamiltonella	pyridoxine	1
Aggregatibacter actinomycetemcomitans	agar	1
Bacteroides sp.	Agar	1
Bifidobacterium breve	Gold	1
Mycoplasma	Agar	1
Chlamydia trachomatis	biotin	1
Bifidobacterium	nicotinic	1
Pediococcus	lipase	1
Rhizobiales	xylanase	1
Candidatus Cyrtobacter comes	propionic	1
Rhodococcus	methanol	1
Bacteroides fragilis	pepsin	1
Blautia producta	agar	1
Chlamydophila caviae	glycine	1
Arthrospira platensis	benzoic	1
Enterobacter hormaechei	Ethylenediaminetetraacetic	1
Allobaculum	propionic	1
Bacilli	carbon dioxide	1
Dehalococcoides	nitrogen	1
Fusobacterium	pyridoxine	1
Lactobacillus casei	glycine	1
Lactobacillus acidophilus	Gold	1
Photorhabdus	agar	1
Staphylococcus warneri	gold	1
Desulfovibrio	pyridoxine	1
Salmonella	arabinose	1
Escherichia coli	thiamin	1
Prevotellaceae	dextran	1
Desulfovibrio	cellulose	1
Enterococcus faecalis	Ethylenediaminetetraacetic	1
Petrotoga mobilis	hydrogen	1
Pectobacterium	cellulose	1
Vibrio parahaemolyticus	gold	1
Escherichia coli	Beta-galactosidase	1
Lactobacillus	hemicellulase	1
Propionibacterium freudenreichii	sodium lactate	1
Bacteroidia	Propionic	1
plasmids	Agar	1
Arthrospira platensis	red algae	1
Salmonella	caprylic	1
Agrobacterium tumefaciens	pectinase	1
Burkholderia	cellulose	1
Lactobacillus brevis	monosodium glutamate	1
Vibrio	Nitrogen	1
Fusobacteriia	lactic	1
Porphyromonas gingivalis	Agar	1
Rummeliibacillus	agar	1
Escherichia coli	citric	1
Chlamydia trachomatis	lactic	1
Lactobacillus acidophilus	gold	1
[Clostridium] cellulolyticum	hemicellulase	1
Lactobacillus pentosus	pyridoxine	1
Marvinbryantia formatexigens	N-acetylglucosamine	1
Bacillus infantis	nitrogen	1
Bifidobacterium actinocoloniiforme	lactic	1
Bartonella henselae	agar	1
Aeromonas hydrophila	cellulose	1
Rhodobacter sphaeroides	sorbitol	1
Lactobacillus graminis	Xylitol	1
Klebsiella	peroxidase	1
Peptoclostridium difficile	trypsin	1
Streptococcus sobrinus	dextran	1
Acinetobacter calcoaceticus	gold	1
Bacteroides vulgatus	dextran	1
Methanobacterium	hydrogen	1
Lactobacillus plantarum	Riboflavin	1
Lactobacillales	hydrogen	1
Campylobacter jejuni	Nisin	1
Bacteroides	nicotinic	1
Lactobacillus rhamnosus	ethanol	1
Bacteroides massiliensis	N-acetylglucosamine	1
Citrobacter murliniae	tannic	1
Fusobacterium necrophorum	Propionic	1
Bacteroides vulgatus	beta-galactosidase	1
Lactobacillus plantarum	calcium chloride	1
Streptococcus thermophilus	carbon dioxide	1
Enterococcus faecium	Mannitol	1
Bacillus cereus	glycine	1
Acidobacteriia	propionic	1
Lactobacillus casei	Chitosan	1
Chlamydia psittaci	biotin	1
Methanoculleus bourgensis	hydrogen	1
Butyrivibrio proteoclasticus	lipase	1
Ruminococcus albus	cellulase	1
Agathobacter rectalis	biotin	1
Staphylococcus xylosus	gold	1
Clostridium acetobutylicum	arabinose	1
Enterobacter	acetic	1
Methanobrevibacter thaueri	methanol	1
Spirochaetales	microcrystalline cellulose	1
Helicobacter hepaticus	carbon dioxide	1
Methanoculleus marisnigri	ethanol	1
Clostridium butyricum	peroxidase	1
Candidatus Evansia	hydrogen	1
Prevotella	folic	1
Lactobacillus brevis	hydrogen	1
[Clostridium] celerecrescens	Hydrogen	1
Pediococcus	hemicellulase	1
Escherichia coli	subtilisin	1
Streptococcus gordonii	biotin	1
Fructobacillus	mannitol	1
Parvimonas micra	agar	1
Bifidobacterium longum subsp. infantis	lactic	1
Rhodococcus equi	agar	1
Faecalibacterium prausnitzii	dextran	1
Bacteroides barnesiae	glycine	1
Sinorhizobium	nitrogen	1
Thermoanaerobacterales	hydrogen	1
Firmicutes	lactic	1
Lactobacillus reuteri	Agar	1
Lactobacillus acidophilus	microcrystalline cellulose	1
Acidovorax	methanol	1
Lactobacillus reuteri	nitrogen	1
Paenibacillus polymyxa	arabinose	1
Streptococcus mutans	Xylitol	1
Salmonella	Gold	1
Methanosarcina	carbon dioxide	1
Bacteroides intestinalis	xylanase	1
Roseovarius albus	pectin	1
Lactobacillus gasseri	hydrogen	1
Actinoplanes	xylanase	1
Streptococcus	folic	1
Mahella australiensis	hydrogen	1
Lactobacillus gasseri	Pantothenic	1
Methanomicrobiales	cellulose	1
Methanosphaera	cellulose	1
Enterobacteriaceae	carbon dioxide	1
Bacteroidia	guar gum	1
Escherichia coli	butylated hydroxytoluene	1
Lactobacillus helveticus	trypsin	1
Alcaligenes	cellulose	1
Staphylococcus	folic	1
Lactobacillus delbrueckii subsp. bulgaricus	methyl cellulose	1
Bacteroides ovatus	nitrogen	1
Cellvibrio	cellulose	1
Streptomyces coelicolor	cellulose	1
Bifidobacterium	nitrogen	1
Brucella	hydrogen	1
Enterococcus faecalis	Nisin	1
Helicobacter trogontum	Agar	1
Lysobacter gummosus	cellobiase	1
Bacillus	glycerin	1
Staphylococcus	titanium dioxide	1
Helicobacter hepaticus	Agar	1
Candidatus Planktothricoides niger	Hydrogen	1
Lactobacillus plantarum	Hydrogen	1
Enterococcus faecium	anthocyanin	1
Bacteroides coprosuis	chymotrypsin	1
Thermoanaerobacterium	cellulose	1
Escherichia faecalis	nitrogen	1
Paenibacillus	nitrogen	1
Pediococcus	agar	1
Listeria innocua	Nisin	1
Lactobacillus reuteri	acetic	1
Pediococcus damnosus	ethanol	1
Enterobacter cancerogenus	gold	1
[Ruminococcus] torques	cellulose	1
Lactobacillus	tannic	1
Bifidobacteriaceae	thiamin	1
Haemophilus influenzae	nitrogen	1
Candidatus Arthromitus	aspartame	1
Ruminococcus	pyridoxine	1
Paracoccus denitrificans	riboflavin	1
Lactobacillus graminis	Mannitol	1
Geofilum rubicundum	riboflavin	1
Ralstonia solanacearum	methanol	1
[Pseudomonas] geniculata	gold	1
Vibrio alginolyticus	nitrogen	1
Mahella australiensis	ethanol	1
Bacteroides coprosuis	arabinose	1
Streptococcus	nicotinic	1
Clostridium butyricum	lactic	1
Thermoplasmatales	methanol	1
Propionibacterium cyclohexanicum	acetic	1
Lactobacillus brevis	biotin	1
Geobacillus stearothermophilus	glucoamylase	1
Propionibacterium	folic	1
Propionibacterium avidum	trypsin	1
Escherichia coli str. K-12 substr. MG1655	fumaric	1
Oenococcus oeni	hydrogen	1
Bacillus infantis	succinic	1
Myxococcus xanthus	cellulose	1
Candidatus Arthromitus	saccharin	1
Bacteroides dorei	beta-glucosidase	1
Labrenzia	red algae	1
Lactobacillus paraplantarum	tannase	1
Fusobacterium	lipase	1
Enterococcus faecium	gold	1
Weissella	gold	1
Acinetobacter soli	gold	1
Acinetobacter	benzyl alcohol	1
Clostridium	xylanase	1
Staphylococcus microti	tannic	1
Escherichia	cellulose	1
Lactobacillus paracasei	glycine	1
Streptococcus	nitrogen	1
Bordetella	cellulase	1
Allobaculum	dextran	1
Propionivibrio militaris	cellulase	1
Bifidobacterium bifidum	calcium alginate	1
Akkermansia	lactic	1
Mycobacterium	agar	1
Methanomicrobium mobile	hydrogen	1
Methanosarcina mazei	carbon dioxide	1
Eubacterium	folic	1
Methanobrevibacter ruminantium	hydrogen	1
Pseudomonas lutea	nitrogen	1
Peptostreptococcaceae	propionic	1
Chitinophaga pinensis	cellulose	1
Heliobacterium chlorum	nitrogen	1
Bacteroidia	cellulase	1
Bacteroides coprosuis	glycine	1
Clostridia	nitrogen	1
Acinetobacter	glycine	1
Weissella cibaria	Hydrogen	1
Proteus mirabilis	hydrogen	1
Streptococcus infantarius	ethanol	1
Streptomyces odorifer	glycine	1
Yersinia pestis	sorbitol	1
Euryarchaeota	Gold	1
Firmicutes	Lactic	1
Lactobacillus casei	methanol	1
Proteobacteria	ozone	1
Pectobacterium carotovorum	pectinase	1
Fibrobacter succinogenes subsp. succinogenes S85	cellulose	1
Clostridium novyi	Glycine	1
Bacteroides	ethanol	1
Mycoplasma	glycine	1
Ruminococcaceae	cellulase	1
Synergistales	acetic	1
Fontimonas thermophila	nitrogen	1
Bacteroides ovatus	gold	1
[Clostridium] polysaccharolyticum	nitrogen	1
Verrucomicrobia subdivision 3	cellulase	1
Klebsiella oxytoca	nitrogen	1
Vibrio	cellulose	1
Bacillus circulans	cellulose	1
Serratia marcescens	benzoic	1
Clostridium paraputrificum	chitosan	1
Sulfurospirillum	agar	1
Psychrobacter	cellulose	1
Streptococcus	caprylic	1
Actinobacteria	Pectin	1
Salmonella enterica subsp. enterica serovar Typhimurium	Gold	1
Bifidobacterium subtile	agar	1
Aminobacterium	propionic	1
Pseudomonas putida	cellulose	1
Gluconacetobacter	cellulose	1
Mesorhizobium amorphae	nitrogen	1
Salmonella enterica subsp. enterica serovar Typhimurium	thaumatin	1
Listeria innocua	papain	1
Porphyromonadaceae	nitrogen	1
Vibrio harveyi	nitrogen	1
Pediococcus	lactic	1
Bifidobacterium	Pectin	1
Actinomycetales	cellulose	1
Aeromonas sp.	cellulose	1
Bacillus subtilis	lipase	1
Streptococcus parasanguinis	riboflavin	1
Enterobacter cloacae	cellulose	1
Bacteroidia	hydrogen	1
Salmonella enterica	benzoic	1
Lactobacillus reuteri	folic	1
Enterobacter aerogenes	gold	1
Cellulosilyticum ruminicola	xylanase	1
Mycobacterium smegmatis	nitrogen	1
Streptomyces saprophyticus	lipase	1
Treponema primitia	nitrogen	1
Kocuria	cellulose	1
Chlamydiaceae	biotin	1
Streptococcus thermophilus	nitrogen	1
Curtobacterium flaccumfaciens	peroxidase	1
Aeromonas hydrophila	dextran	1
Wigglesworthia	biotin	1
Buchnera aphidicola	tannic	1
Klebsiella sp.	nitrogen	1
Prochlorococcus	nitrogen	1
Peptoclostridium difficile	calcium chloride	1
Escherichia coli	n-acetylglucosamine	1
Providencia rettgeri	agar	1
Sphingomonas	stevioside	1
Enterobacteriaceae	succinic	1
Rothia aeria	ethanol	1
Treponema	carboxymethylcellulose	1
Lysobacter enzymogenes	cellobiase	1
Prevotella ruminicola	cellulase	1
Bordetella pertussis	agar	1
Aeromonas	cellulase	1
Lactobacillus acidophilus	Ethanol	1
Methanocorpusculum labreanum	hydrogen	1
Micrococcales	pectinase	1
Azospirillum	nitrogen	1
Proteus vulgaris	cellulose	1
Lactobacillus iners	lipase	1
Pediococcus	cellulose	1
Acinetobacter	curcumin	1
Vibrio parahaemolyticus	nitrogen	1
Bacilli	thiamin	1
Bdellovibrio	agar	1
Hespellia stercorisuis	arabinose	1
Ochrobactrum grignonense	gold	1
Actinobacteria	sucralose	1
Firmicutes	Pectin	1
Faecalibacterium prausnitzii	ethanol	1
Pediococcus	nicotinic	1
Spirochaetia	nitrogen	1
Desulfovibrionaceae	cellulose	1
Clostridia	Agar	1
Anaplasma phagocytophilum	riboflavin	1
Klebsiella oxytoca	ethanol	1
Vibrio cholerae	lactic	1
Methanosarcina mazei	methanol	1
Salmonella	Mannitol	1
Vibrio cholerae	dextranase	1
Streptococcus pyogenes	carrageenan	1
Acidobacteriia	cellulose	1
Bifidobacterium breve	microcrystalline cellulose	1
Lactobacillus	folic	1
Cellulosimicrobium cellulans	cellulose	1
Bacteroides salanitronis	mannitol	1
Actinotalea fermentans	biotin	1
Lactobacillus jensenii	Ethylenediaminetetraacetic	1
Trichodesmium spiralis	acetic	1
Pediococcus	pectin	1
Klebsiella pneumoniae	hydrogen	1
Pseudonocardia	methanol	1
Meiothermus ruber	agar	1
Dehalococcoides mccartyi 195	nitrogen	1
Methanococcus aeolicus	carbon dioxide	1
Pediococcus parvulus	nitrogen	1
Bacteroides ovatus	guar gum	1
Bacillus subtilis	cellobiase	1
Phaeobacter gallaeciensis	ethyl acetate	1
Fusobacteriia	ethanol	1
Campylobacter coli	agar	1
Bacteroidaceae	pectin	1
Alicyclobacillus pomorum	ethanol	1
Alphaproteobacteria	chlorine	1
Wolbachia	hydrogen	1
Ehrlichia canis	riboflavin	1
Shewanella putrefaciens	agar	1
plasmids	biphenyl	1
Hyphomicrobium vulgare	methanol	1
Enterobacteriaceae	propionic	1
Pelotomaculum thermopropionicum	hydrogen	1
Agrobacterium	cellulose	1
Bacteroides thetaiotaomicron	fumaric	1
Bacillus	lactic	1
Varibaculum cambriense	ethanol	1
Selenomonas ruminantium	nitrogen	1
Enterobacteriaceae	acetic	1
Alteromonadales	nitrogen	1
Bacteroidia	N-acetylglucosamine	1
Enterobacteriaceae	saccharin	1
Halothiobacillus neapolitanus	ethanol	1
Blautia coccoides	carbon dioxide	1
Acetobacter	Mannitol	1
Cellulomonas flavigena	xylanase	1
Geobacillus thermoleovorans	xylanase	1
Prevotella ruminicola 23	cellulose	1
Aeromonas hydrophila	Nisin	1
Proteobacteria	hydrogen	1
Methanosarcina barkeri str. Fusaro	methanol	1
Delftia acidovorans	ethanol	1
Pediococcus	pyridoxine	1
Bacillus licheniformis	Trypsin	1
Aliivibrio fischeri	hydrogen	1
Escherichia faecalis	riboflavin	1
Shewanella putrefaciens	calcium alginate	1
Escherichia coli	caprylic	1
Yersinia ruckeri	Gold	1
Pseudomonas aeruginosa	chlorine	1
Coriobacteriaceae	biotin	1
Agromyces	cellulase	1
Propionibacterium freudenreichii	riboflavin	1
Staphylococcus	nicotinic	1
Ruminococcus	xylanase	1
Pseudomonas taiwanensis	agar	1
Aminobacterium	hydrogen	1
Vagococcus fluvialis	agar	1
Prevotella ruminicola	xylanase	1
Enterococcus faecalis	Pantothenic	1
Lactobacillus plantarum	propionic	1
Clostridium butyricum	thiamin	1
Staphylococcus aureus	methanol	1
Escherichia coli	Pectin	1
Agrobacterium tumefaciens	ethanol	1
Escherichia coli str. K-12 substr. DH10B	agar	1
Lactobacillus salivarius	glycine	1
Elizabethkingia meningoseptica	agar	1
Bacillus	Mannitol	1
Streptomyces aureus	riboflavin	1
Methanosaeta	cellulose	1
Novosphingobium resinovorum	cellobiase	1
Proteus vulgaris	Agar	1
Streptomyces bingchenggensis	xylanase	1
Streptococcus salivarius	riboflavin	1
Actinobacteria	xylanase	1
Phaeobacter gallaeciensis	nitrogen	1
Mycobacterium	nitrogen	1
Sporosarcina luteola	gold	1
unidentified plasmid	alpha-amylase	1
Methanosaeta	methanol	1
Streptococcus mutans	beta-glucosidase	1
Vibrio anguillarum	lycopene	1
Enterobacter cloacae	tannic	1
Helicobacter pylori	carbon dioxide	1
Bacteroides barnesiae	arabinose	1
Mycoplasma parvum	methanol	1
Lactobacillus plantarum	gold	1
Bacillus subtilis	malic	1
Beggiatoa	nitrogen	1
Clostridiaceae	agar	1
Weissella cibaria	agar	1
Bacteroides	Nitrogen	1
Lactobacillus delbrueckii	Lactic	1
Campylobacter lari	agar	1
Staphylococcus aureus	tannic	1
[Ruminococcus] gnavus	cellulose	1
Escherichia coli Nissle 1917	Lactic	1
Escherichia coli	papain	1
Eubacterium barkeri	riboflavin	1
Bacillus coagulans	cellulose	1
Clostridium	folic	1
Veillonella	pyridoxine	1
Thermoanaerobacter ethanolicus	ethanol	1
Prochlorococcus	chlorophyll	1
Escherichia	peroxidase	1
Shigella	agar	1
Bacillus	chitosan	1
unidentified insertion sequence	dextran	1
Marivirga	nitrous oxide	1
[Clostridium] clariflavum	hydrogen	1
Staphylococcus aureus	gold	1
Agrobacterium	gellan	1
Lactobacillus gasseri	nitrogen	1
Clostridium perfringens	methanol	1
Rothia mucilaginosa	agar	1
Aliivibrio salmonicida	lipase	1
Fusobacteria	hydrogen	1
Prevotella stercorea	cellulose	1
Campylobacter showae	agar	1
Prevotellaceae	pyridoxine	1
Salmonella	curcumin	1
Anoxybacillus	pullulanase	1
Methanothermobacter thermautotrophicus	carbon dioxide	1
Streptococcus mitis	agar	1
Nitrospiraceae	nitrogen	1
Bacillus cereus	Agar	1
Salmonella enterica subsp. enterica serovar Typhimurium	riboflavin	1
Clostridium butyricum	carbon dioxide	1
Rhodobacter sphaeroides	cellulose	1
Candidatus Phaeomarinobacter ectocarpi	brown algae	1
Bacillus infantis	dextran	1
Actinomyces	lactic	1
Thermotogae	nitrogen	1
Devosia	riboflavin	1
Betaproteobacteria	cellulose	1
Victivallis vadensis	ethanol	1
Thermoplasmatales	Gold	1
Vibrio	brown algae	1
Candidatus Cyrtobacter comes	lactic	1
Myroides odoratus	glycine	1
Desulfovibrio piger	hydrogen	1
Streptomyces	peroxidase	1
environmental samples	Ethanol	1
Asaccharospora irregularis	hydrogen	1
Clostridiales	saccharin	1
Actinomyces	nicotinic	1
Streptococcus thermophilus	Chitosan	1
Veillonella	propionic	1
Treponema azotonutricium	biotin	1
Microbacterium arborescens	peroxidase	1
Listeria ivanovii	isopropanol	1
Cellulosimicrobium	cellulase	1
Coprococcus	acetic	1
Lactobacillus plantarum	nicotinic	1
Neisseria meningitidis	Nitrogen	1
Propionibacterium	nicotinic	1
Yersinia	agar	1
unidentified plasmid	Lactic	1
Selenomonas bovis	lactic	1
Enterobacter cancerogenus	tannic	1
unidentified plasmid	glycine	1
Pseudomonadales	propionic	1
Thermoanaerobacterium thermosaccharolyticum	hydrogen	1
Lactobacillus fermentum	diacetyl reductase	1
Bacillus	carrageenan	1
Candidatus Evansia	glycine	1
Lactobacillus salivarius	acetic	1
Clostridium perfringens	tea extract	1
Flavobacterium	nitrogen	1
Enterococcus faecium	cellulose	1
Methanobrevibacter smithii	cellulose	1
Lactobacillus paralimentarius	amaranth	1
Methanobrevibacter smithii	pyridoxine	1
Paenibacillus dendritiformis	gold	1
Actinobacteria	Lactic	1
Lactobacillus salivarius	xylitol	1
Methanoculleus	hydrogen	1
Saccharibacillus sacchari	gold	1
Lactobacillus paracasei	lipase	1
Ruminiclostridium thermocellum	hemicellulase	1
Cyanobacteria	chlorophyll	1
Desulfotomaculum carboxydivorans	ethanol	1
Treponema primitia	hydrogen	1
Enterococcus faecium	Chitosan	1
Lactobacillus buchneri	hydrogen	1
Lacinutrix	Nitrogen	1
unidentified plasmid	hydrogen	1
Enterococcus faecalis	gold	1
Campylobacter coli	L-Glutamic	1
Methylobacterium	stevioside	1
Bacillus pumilus	glycine	1
Klebsiella sp.	cellulose	1
Rhizobiales	hydrogen	1
Campylobacter jejuni	benzoic	1
Alicyclobacillus pomorum	agar	1
Corynebacterium glutamicum	silver	1
Methanobacteriales	carbon dioxide	1
[Clostridium] clariflavum	cellulose	1
Bacillus simplex	agar	1
unidentified plasmid	cellulose	1
Roseomonas	cellulase	1
Alphaproteobacteria	methanol	1
Lactobacillus murinus	agar	1
Prevotella	pyridoxine	1
Pantoea ananatis	cellulase	1
Clostridium perfringens	cellulose	1
Pseudomonas aeruginosa PAO1	acetic	1
Enterococcus casseliflavus	tannic	1
Aeromonas hydrophila	Silver	1
Archaea	cellulase	1
Enterococcus faecium	Sorbitol	1
Burkholderia	Agar	1
Lactobacillus rhamnosus	methyl cellulose	1
Methanosarcina barkeri	hydrogen	1
Flaviramulus ichthyoenteri	agar	1
Bacteroides ovatus	agar	1
Methanosarcina	cellulose	1
Klebsiella pneumoniae	Ethylenediaminetetraacetic	1
Pediococcus acidilactici	lipase	1
Methanobrevibacter smithii	pectin	1
Actinomycetaceae	lactic	1
Planomicrobium okeanokoites	gold	1
Cellulomonas denverensis	nitrogen	1
Fibrobacter	agar	1
Trabulsiella odontotermitis	agar	1
Vibrio	N-acetylglucosamine	1
Anaerobaculum	cellulose	1
Salmonella	chlorine	1
Raoultella	nitrogen	1
Staphylococcus	Mannitol	1
Enterococcaceae	carbon dioxide	1
Streptococcus mutans	mannitol	1
Listeria monocytogenes	benzoic	1
Aeromonas salmonicida	lipase	1
Thermanaerovibrio acidaminovorans	hydrogen	1
Lactobacillus pentosus	tannase	1
Staphylococcus sciuri	gold	1
Rhodococcus	biphenyl	1
Archaea	Nitrogen	1
Aquificae	nitrogen	1
Firmicutes	sorbitol	1
Bifidobacterium longum	lycopene	1
Prevotella	lactic	1
Lactobacillus rhamnosus	Dextran	1
Bifidobacterium	lipase	1
Saccharibacillus sacchari	tannic	1
Erwinia amylovora	nicotinic	1
Lactobacillus casei	methyl cellulose	1
Veillonella	cellulose	1
Lachnospiraceae	sorbitol	1
Bacillus subtilis	Biotin	1
Lactobacillus	riboflavin	1
Anaerovibrio	lactic	1
Citrobacter	hydrogen	1
Fontimonas thermophila	pyridoxine	1
Streptococcus	lipase	1
Veillonella	nicotinic	1
Bacteroides xylanisolvens	xylanase	1
Lactobacillus gasseri	glycine	1
Rhodobacter sphaeroides	nitrogen	1
Coprococcus eutactus	lactic	1
Proteobacteria	dextranase	1
Chlorobi	nitrogen	1
Bifidobacterium	lactitol	1
Burkholderia pseudomallei	agar	1
Ruminiclostridium thermocellum	hydrogen	1
Roseiflexus	nitrogen	1
Candidatus Methanoplasma	hydrogen	1
Bacillus vallismortis	glycine	1
Lactobacillus plantarum	ethyl acetate	1
Candidatus Hamiltonella	biotin	1
Lachnospira pectinoschiza	pectin	1
Bartonella henselae	hydrogen	1
Staphylococcus aureus	anthocyanin	1
Planomicrobium glaciei	gold	1
[Eubacterium] eligens	pectin	1
Bacteroides	Biotin	1
Varibaculum cambriense	riboflavin	1
Mycoplasma	agar	1
Turicibacter	dextran	1
Enterococcus	Chitosan	1
Staphylococcus aureus	ethyl acetate	1
Isoptericola variabilis	agar	1
Spirochaetales	cellulase	1
Syntrophomonas	hydrogen	1
Succinivibrionaceae	hydrogen	1
Acetobacterium	hydrogen	1
Vibrio anguillarum	agar	1
Sporobacter termitidis	cellulose	1
Lactobacillus johnsonii	pectin	1
Bifidobacterium	folic	1
Actinomyces graevenitzii	Agar	1
Staphylococcus saprophyticus	gold	1
Oleispira antarctica	nitrogen	1
Rikenellaceae	cellulose	1
Methanolinea	cellulose	1
Akkermansia muciniphila	aspartame	1
Thermotoga maritima	xylanase	1
Klebsiella	hydrogen	1
Bacillus sp.	agar	1
Treponema azotonutricium	hydrogen	1
Staphylococcus simulans	agar	1
Actinoplanes utahensis	nitrogen	1
Escherichia coli	alpha-galactosidase	1
Methanomassiliicoccales	nitrogen	1
Enterobacter ludwigii	gold	1
Methanobrevibacter smithii ATCC 35061	hydrogen	1
Lactobacillus helveticus	lactic	1
Bacteroides fragilis	Nitrogen	1
Pasteurellaceae	hydrogen	1
Corynebacterium tuberculostearicum	propionic	1
Promicromonospora citrea	xylanase	1
Weissella confusa	Sorbitol	1
Eubacterium	nicotinic	1
Carnobacterium	agar	1
Candidatus Hamiltonella	folic	1
Clostridium sp.	pectin	1
Enterobacter asburiae	gold	1
Acinetobacter	cellulose	1
Azospirillum brasilense	nitrogen	1
Bradyrhizobiaceae	nitrogen	1
Leuconostoc mesenteroides	agar	1
Bacillus cereus	Nisin	1
Bacilli	cellulose	1
Paraglaciecola mesophila	xylanase	1
Sphaerochaeta	ethanol	1
Providencia	ethanol	1
Streptococcus	pectin	1
Candidatus Hamiltonella	hydrogen	1
Escherichia faecalis	lipase	1
Euryarchaeota	methanol	1
Pseudomonas entomophila	hydrogen	1
Methanomicrobia	ethanol	1
Lysinibacillus fusiformis	glycine	1
Escherichia	nitrogen	1
Flavobacteriaceae bacterium 3519-10	xylanase	1
Streptococcus	Lactic	1
Megamonas	hydrogen	1
Yersinia	carbon dioxide	1
Proteobacteria	thiamin	1
Clostridium perfringens ATCC 13124	methanol	1
Lactobacillus hilgardii	dextran	1
Stenotrophomonas	nitrogen	1
Archaea	chlorophyll	1
Enterococcus	glycine	1
Bacillus coagulans	microcrystalline cellulose	1
Vibrio cholerae	cellulose	1
Thiothrix	nitrogen	1
Escherichia coli O157	gold	1
Lactobacillus delbrueckii subsp. lactis	nisin	1
Microbacterium	chymotrypsin	1
Bifidobacterium breve	pullulanase	1
Bifidobacterium	glycine	1
Streptomyces plicatus	agar	1
Lactobacillus acidophilus	methyl cellulose	1
Methylotenera	methanol	1
Streptococcus equinus	arabinose	1
Methanopyrales	methanol	1
Coprococcus catus	acetic	1
Lactobacillus brevis	trypsin	1
Clostridium kluyveri	hydrogen	1
Acidobacteriia	Glycine	1
Burkholderia phytofirmans	nitrogen	1
Ruminococcus bromii	pullulanase	1
Methanomicrobia	Glycine	1
Kluyvera	cellulose	1
Pseudomonas aeruginosa	tannic	1
Bacteroidia	aspartame	1
Fontimonas thermophila	riboflavin	1
Flavobacterium johnsoniae	agar	1
Microcystis smithii	methanol	1
Lactobacillus crispatus	Agar	1
Pseudomonas aeruginosa	sorbitol	1
Prevotellaceae	riboflavin	1
Sorangium cellulosum	cellulose	1
Listeria monocytogenes	gold	1
Bacteroides vulgatus	sucralose	1
Bacillus	methanol	1
Gracilibacteria	glycine	1
Neisseria meningitidis	carbon dioxide	1
Prochlorococcus marinus	nitrogen	1
Thermobifida	cellulose	1
Candidatus Cloacimonas acidaminovorans	carbon dioxide	1
Bilophila wadsworthia	hydrogen	1
Escherichia coli	ethylenediaminetetraacetic	1
Selenomonas	lactic	1
Streptococcus pneumoniae	Ethylenediaminetetraacetic	1
Chitinophaga pinensis	gum arabic	1
Salmonella	acetic	1
Treponema primitia	cellulose	1
Collinsella tanakaei	glycine	1
Methanosaeta harundinacea	ethanol	1
Enterobacter hormaechei	gold	1
Serratia marcescens	cellulose	1
Xanthomonas campestris	gellan	1
Escherichia coli OP50	agar	1
Actinomycetaceae	riboflavin	1
Enterobacter	ethanol	1
Paracoccus	nitrogen	1
Actinobacteria	guar gum	1
Lachnospira	pectin	1
Proteus	carbon dioxide	1
Microbacterium oxydans	cellulase	1
Proteiniphilum	nitrogen	1
Bacteroides	pyridoxine	1
Aliivibrio salmonicida	agar	1
Campylobacter jejuni	methanol	1
Eggerthella lenta	nitrogen	1
Agromyces flavus	curcumin	1
Megasphaera	gold	1
Pedosphaera parvula Ellin514	cellulase	1
Bifidobacteriales	pyridoxine	1
Escherichia coli	nitrous oxide	1
Fusobacteria	agar	1
Yersinia	trypsin	1
Streptococcus equi	curcumin	1
Spirochaetia	pectin	1
Promicromonospora sukumoe	cellobiase	1
Neisseria gonorrhoeae	nitrogen	1
Enterobacteriales	Glycine	1
Micrococcus luteus	Agar	1
Methanococcales	hydrogen	1
Streptococcus pyogenes	alpha-amylase	1
Agrobacterium tumefaciens	nitrogen	1
Arthrobacter nicotianae	glycine	1
Eubacterium	glycine	1
Escherichia faecalis	Lactic	1
Pseudomonas fluorescens	cellulose	1
Fontimonas thermophila	Gold	1
Barnesiella	nitrogen	1
Actinobacteria	hemicellulase	1
Bacteroides barnesiae	sorbitol	1
Brachyspira hyodysenteriae	citric	1
unidentified insertion sequence	hydrogen	1
Selenomonas ruminantium	fumaric	1
Heliobacillus mobilis	nitrogen	1
Bacteroides uniformis	pectin	1
Geobacter	hydrogen	1
Chryseobacterium	cellulose	1
Propionibacterium cyclohexanicum	lactic	1
Methanobrevibacter smithii	folic	1
Lactobacillus acidophilus	Agar	1
Bacteroides thetaiotaomicron	gold	1
Deferribacter desulfuricans	argon	1
Klebsiella oxytoca	tannic	1
Streptococcus infantis	agar	1
Candidatus Arthromitus	sucralose	1
Coprococcus	lactic	1
Yersinia enterocolitica	Nisin	1
Actinomycetales	nitrogen	1
Photobacterium	agar	1
Ewingella americana	ethanol	1
Enterobacteriaceae	hydrogen	1
Treponema	glycine	1
Atopostipes	propionic	1
Ruminococcus flavefaciens	pectin	1
Cellvibrio japonicus	xylanase	1
Shigella	Agar	1
Bifidobacterium longum subsp. infantis	Chitosan	1
Verrucomicrobia	xylanase	1
Listeria innocua	trypsin	1
Propionibacterium granulosum	lipase	1
Syntrophomonas	cellulose	1
Streptococcus pyogenes	N-acetylglucosamine	1
Citrobacter freundii	pectin	1
Candidatus Desulforudis audaxviator	gold	1
Methanosphaera	nicotinic	1
Microbacterium oxydans	xylanase	1
Mannheimia haemolytica	agar	1
Bacillus indicus	cellulose	1
Staphylococcus	ethanol	1
Pseudomonas stutzeri	ethanol	1
Agromyces	xylanase	1
Arthrobacter bergerei	glycine	1
Salmonella	riboflavin	1
Epulopiscium sp.	agar	1
Streptococcus sobrinus	Xylitol	1
Enterococcus	nitrogen	1
Promicromonospora sukumoe	pectinase	1
Bacteroides thetaiotaomicron	Agar	1
Aneurinibacillus	lipase	1
Enterobacteriaceae	folic	1
Synergistetes	nitrogen	1
Lactobacillus murinus	hydrogen	1
Pseudoflavonifractor capillosus	sodium alginate	1
Lactobacillus rhamnosus	tannic	1
Bifidobacterium dentium	mannitol	1
Staphylococcus aureus	aspartame	1
Rhodanobacter denitrificans	malic	1
Erwinia aphidicola	sorbitol	1
Streptomyces aureofaciens	lipase	1
Streptomyces aureus	N-acetylglucosamine	1
Borrelia burgdorferi	peroxidase	1
Christensenellaceae	cellulose	1
Anaerostipes	pectin	1
Staphylococcus epidermidis	gold	1
Fontimonas thermophila	beta-galactosidase	1
Microcystis smithii	N-acetylglucosamine	1
Pseudomonas aeruginosa	riboflavin	1
Candidatus Cyrtobacter comes	acetic	1
Chryseobacterium	agar	1
Thiocystis violascens	carbon dioxide	1
Lactobacillus reuteri	peroxidase	1
Pseudomonas bauzanensis	gold	1
Lactobacillaceae	cellulose	1
Fusobacterium necrophorum	agar	1
[Clostridium] stercorarium	cellulase	1
Streptococcus	trypsin	1
Klebsiella pneumoniae	methanol	1
Clostridium kluyveri	cellulose	1
Micrococcus luteus	nisin	1
Ferroplasma	nitrogen	1
Fusobacteriia	riboflavin	1
Rhodobacter	nicotinic	1
Spirochaetales	nitrogen	1
Lactobacillus crispatus	papain	1
Lactobacillus	Riboflavin	1