dextran	dengue shock syndrome	438
dextran	colitis	350
Dextran	dengue shock syndrome	53
lactic	lactic acidosis	46
dextran	irritable bowel syndrome	44
propionic	propionic acidemia	28
Dextran	colitis	27
ethanol	colitis	23
hydrogen	cancer	21
curcumin	cancer	17
dextran	ulcerative colitis	17
curcumin	cholera	16
gold	cancer	15
lycopene	cancer	15
lipase	obesity	14
curcumin	irritable bowel syndrome	13
propionic	irritable bowel syndrome	13
agar	congenital bile acid synthesis defect	12
dextran	cancer	12
acetic	colitis	11
guar gum	metabolic syndrome X	11
hydrogen	colorectal cancer	11
guar gum	syndrome	11
nitrogen	irritable bowel syndrome	11
hydrogen	diarrhea	10
hydrogen	irritable bowel syndrome	10
gold	irritable bowel syndrome	9
hydrogen	syndrome	9
dextran	inflammatory bowel disease	9
ethanol	adrenoleukodystrophy	9
hydrogen	lactose intolerance	8
ozone	asthma	8
dextran	ileitis	8
cellulose	dengue shock syndrome	8
xylitol	dental caries	8
Dextran	irritable bowel syndrome	8
hydrogen	colitis	8
ethanol	liver disease	8
nitrogen	cancer	8
nitrogen	aortic valve stenosis	8
pepsin	idiopathic interstitial pneumonia	8
lutein	macular degeneration	8
agar	chronic fatigue syndrome	8
silver	breast cancer	7
dextran	colorectal cancer	7
folic	irritable bowel syndrome	7
methanol	renal cell carcinoma	7
silver	cancer	7
ethanol	cancer	7
curcumin	atherosclerosis	7
cellulose	colitis	7
gold	colorectal cancer	7
propionic	autistic disorder	7
lipase	pancreatitis	7
acetic	irritable bowel syndrome	7
hydrogen	colon cancer	6
lycopene	prostate cancer	6
lutein	syndrome	6
lutein	metabolic syndrome X	6
curcumin	colitis	6
hydrogen	constipation	6
peroxidase	colitis	6
chitosan	cancer	6
folic	anemia	6
pectin	progressive myoclonus epilepsy	6
lycopene	obesity	6
lipase	cancer	6
carmine	adenoma	6
Curcumin	irritable bowel syndrome	5
lactic	diarrhea	5
chitosan	obesity	5
folic	cerebrovascular disease	5
castor oil	diarrhea	5
glycine	Leber congenital amaurosis	5
nitrogen	syndrome	5
glycine	colitis	5
lycopene	liver cancer	5
nitrogen	dysbaric osteonecrosis	5
curcumin	colon cancer	5
nitrogen	diabetes mellitus	5
ethanol	pancreatitis	5
propionic	dengue shock syndrome	5
hydrogen	ulcerative colitis	5
propionic	colitis	5
propionic	syndrome	5
propionic	adenosine deaminase deficiency	5
benzoic	diarrhea	5
beta-galactosidase	hypersensitivity reaction type I disease	5
methanol	dysbaric osteonecrosis	4
folic	folic acid deficiency	4
nitrogen	colitis	4
methanol	irritable bowel syndrome	4
agar	cystic fibrosis	4
sucralose	irritable bowel syndrome	4
lycopene	hepatocellular carcinoma	4
folic	autistic disorder	4
methanol	cancer	4
lactic	cancer	4
Curcumin	ileitis	4
ozone	autistic disorder	4
glycine	ulcerative colitis	4
cellulose	Alzheimers disease	4
glycine	cancer	4
Agar	primary cutaneous amyloidosis	4
gold	colitis	4
anthocyanin	cancer	4
curcumin	syndrome	4
ethanol	hepatocellular carcinoma	4
gold	tuberculosis	4
cellulose	irritable bowel syndrome	4
nitrogen	diarrhea	4
gold	inflammatory bowel disease	4
trypsin	cancer	4
hydrogen	renal cell carcinoma	4
gold	hypersensitivity reaction type I disease	4
curcumin	obesity	4
folic	renal fibrosis	4
propionic	gastroenteritis	4
curcumin	pancreatic cancer	4
gold	anemia	4
Agar	congenital bile acid synthesis defect	4
propionic	cancer	4
lactic	syndrome	4
folic	cancer	4
hydrogen	chronic granulomatous disease	3
hydrogen	inflammatory bowel disease	3
ethanol	fatty liver disease	3
lutein	age related macular degeneration	3
carmine	cancer	3
peroxidase	syndrome	3
agar	primary cutaneous amyloidosis	3
xylitol	enamel erosion	3
monosodium glutamate	obesity	3
agar	colitis	3
gold	Barretts esophagus	3
propionic	methylmalonic acidemia	3
nicotinic	colitis	3
dextran	colon cancer	3
propionic	diarrhea	3
Propionic	autistic disorder	3
guar gum	obesity	3
peroxidase	dengue shock syndrome	3
hydrogen	obesity	3
curcumin	chronic obstructive pulmonary disease	3
cellulose	cystic fibrosis	3
biotin	cancer	3
nitrogen	hypertension	3
Trypsin	cancer	3
hydrogen	Alzheimers disease	3
ethanol	diarrhea	3
peroxidase	ulcerative colitis	3
maltitol	diarrhea	3
gold	celiac disease	3
nitrogen	inflammatory bowel disease	3
cellulose	diarrhea	3
Pectin	progressive myoclonus epilepsy	3
nitrogen	uremia	3
nicotinic	chronic kidney failure	3
peroxidase	chronic kidney failure	3
agar	paratuberculosis	3
carmine	atrophic gastritis	3
glycine	myopathy	3
hydrogen	periodontal disease	3
agar	tuberculosis	3
ethanol	hepatitis	3
propionic	Alzheimers disease	3
curcumin	metabolic syndrome X	3
dextran	diarrhea	3
glycine	pre-eclampsia	3
glycine	hypertension	3
trypsin	irritable bowel syndrome	3
lipase	syndrome	3
Curcumin	colitis	3
lactic	irritable bowel syndrome	3
agar	chronic rejection of renal transplant	3
agar	cancer	3
lactic	myopathy	3
agar	diarrhea	3
hydrogen	celiac disease	3
xanthan	perinatal necrotizing enterocolitis	3
glycine	obesity	3
ethanol	atherosclerosis	3
methanol	progressive myoclonus epilepsy	3
Hydrogen	colitis	3
carmine	gastritis	3
nitrogen	hyperglycemia	3
propionic	obesity	3
methanol	diarrhea	3
glycine	dysbaric osteonecrosis	3
Dextran	syndrome	2
nitrogen	kidney failure	2
dextran	liver disease	2
gold	gastroesophageal reflux disease	2
sodium nitrite	colitis	2
biotin	hemochromatosis	2
beta-carotene	myopathy	2
Ethanol	liver disease	2
lutein	hypercholesterolemia	2
riboflavin	syndrome	2
peroxidase	epilepsy syndrome	2
malic	cancer	2
lipase	metabolic syndrome X	2
Gold	irritable bowel syndrome	2
folic	vitamin deficiency	2
lactitol	hepatitis	2
lutein	hemochromatosis	2
nitrogen	asthma	2
propionic	colorectal cancer	2
pectin	cancer	2
ethanol	Miller-Dieker lissencephaly syndrome	2
ethanol	retinitis pigmentosa	2
lutein	myopathy	2
Hydrogen	ulcerative colitis	2
glycine	primary cutaneous amyloidosis	2
beta-carotene	glycogen storage disease	2
Hydrogen	cancer	2
retinyl palmitate	retinitis pigmentosa	2
Lycopene	cancer	2
lutein	epilepsy syndrome	2
Dextran	ulcerative colitis	2
lipase	fatty liver disease	2
nitrogen	cystic fibrosis	2
peroxidase	myopathy	2
Curcumin	kidney failure	2
Riboflavin	gastritis	2
biotin	hypertension	2
beta-carotene	chronic kidney failure	2
peroxidase	macular degeneration	2
biotin	myopathy	2
ethanol	irritable bowel syndrome	2
riboflavin	gastritis	2
folic	asthma	2
riboflavin	cancer	2
biotin	colon cancer	2
Glycyrrhizin	liver disease	2
biotin	lactose intolerance	2
lactitol	viral hepatitis	2
beta-carotene	epilepsy syndrome	2
glycine	adenoma	2
sodium alginate	gastroesophageal reflux disease	2
ferrous fumarate	irritable bowel syndrome	2
dextran	obesity	2
Riboflavin	cancer	2
Dextran	tuberculosis	2
propionic	toxic encephalopathy	2
gold	giardiasis	2
curcumin	colorectal cancer	2
Curcumin	cancer	2
folic	vascular disease	2
gold	urinary bladder cancer	2
acetic	cancer	2
ethanol	acute pancreatitis	2
gold	varicose veins	2
Riboflavin	irritable bowel syndrome	2
curcumin	carcinoma	2
ethanol	diabetes mellitus	2
nicotinic	chronic obstructive pulmonary disease	2
cellulose	constipation	2
chitosan	astrocytoma	2
ethanol	cerebrovascular disease	2
carbon dioxide	esophageal cancer	2
glycine	macular degeneration	2
cellulase	dysbaric osteonecrosis	2
Gold	multiple sclerosis	2
propionic	brain disease	2
gold	ulcerative colitis	2
biotin	diarrhea	2
nisin	mastitis	2
peroxidase	glycogen storage disease	2
nisin	cancer	2
cellulose	retinoblastoma	2
biotin	epilepsy syndrome	2
trypsin	chronic kidney failure	2
lipase	hyperinsulinism	2
glycine	chronic kidney failure	2
nicotinic	cancer	2
papain	hypersensitivity reaction type I disease	2
folic	heart disease	2
methanol	gastritis	2
agar	ulcerative colitis	2
glycine	group B streptococcal pneumonia	2
beta-carotene	hypertension	2
agar	irritable bowel syndrome	2
papain	lung disease	2
glycine	epilepsy syndrome	2
riboflavin	peptic ulcer disease	2
licorice	hypertension	2
guar gum	diarrhea	2
curcumin	kidney disease	2
lipase	liver disease	2
beta-carotene	macular degeneration	2
retinol	diarrhea	2
peroxidase	hypercholesterolemia	2
methanol	retinitis pigmentosa	2
Ethylenediaminetetraacetic	primary cutaneous amyloidosis	2
glycine	glycogen storage disease	2
curcumin	glucose intolerance	2
glycine	hemochromatosis	2
mannitol	congenital bile acid synthesis defect	2
peroxidase	lactose intolerance	2
nitrogen	ileitis	2
Curcumin	cholera	2
lipase	hypertension	2
hydrogen	adenocarcinoma	2
glycine	favism	2
glycine	lactose intolerance	2
propionic	autism spectrum disorder	2
tannase	cancer	2
nitrogen	ischemia	2
lutein	favism	2
ozone	obesity	2
nitrogen	halo nevus	2
lutein	glycogen storage disease	2
beta-carotene	hypercholesterolemia	2
lutein	cerebrovascular disease	2
gold	malnutrition	2
curcumin	breast cancer	2
biotin	hypercholesterolemia	2
curcumin	hepatocellular carcinoma	2
sucralose	lymphoma	2
peroxidase	hypertension	2
nitrogen	lymphoma	2
lutein	hypertension	2
Gold	cystic fibrosis	2
retinol	vitamin A deficiency	2
riboflavin	mitochondrial disease	2
beta-galactosidase	diphtheria	2
dextran	perinatal necrotizing enterocolitis	2
chitosan	Alzheimers disease	2
peroxidase	inflammatory bowel disease	2
pyridoxine	syndrome	2
argon	proctitis	2
agar	multiple endocrine neoplasia	2
pyridoxine	cerebral infarction	2
agar	viral infectious disease	2
ferrous fumarate	anemia	2
gold	arthritis	2
silver	encephalomyelitis	2
carbon dioxide	cancer	2
dextran	chemical colitis	2
nitrogen	Alzheimers disease	2
riboflavin	retinoblastoma	2
Gold	tuberculosis	2
Curcumin	atherosclerosis	2
benzoic	group B streptococcal pneumonia	2
methanol	dengue shock syndrome	2
chitosan	colon cancer	2
agar	pyelonephritis	2
ethylenediaminetetraacetic	colitis	2
dextran	syndrome	2
lactic	mitochondrial myopathy	2
lycopene	syndrome	2
Folic	folic acid deficiency	2
folic	coronary artery disease	2
Biotin	peptic ulcer disease	2
dextran	fatty liver disease	2
biotin	macular degeneration	2
mannitol	diarrhea	2
retinol	cancer	2
Biotin	cancer	2
ethanol	Alzheimers disease	2
trypsin	chronic fatigue syndrome	2
xylitol	osteoporosis	2
peroxidase	favism	2
ethanol	inflammatory bowel disease	2
anthocyanin	primary cutaneous amyloidosis	2
beta-carotene	hemochromatosis	2
Hydrogen	diarrhea	2
ethanol	gastritis	2
lutein	lactose intolerance	2
nitrogen	kidney disease	2
peroxidase	hemochromatosis	2
Ethanol	endometrial stromal sarcoma	2
agar	inflammatory bowel disease	2
cellulose	inflammatory bowel disease	2
glycine	invasive carcinoma	2
Ethanol	pancreatitis	2
biotin	favism	2
biotin	chronic kidney failure	2
biotin	retinoblastoma	2
glycine	hypercholesterolemia	2
beta-carotene	lactose intolerance	2
Fumaric	irritable bowel syndrome	2
amaranth	hypersensitivity reaction type I disease	2
folic	obesity	2
nicotinic	lipid metabolism disorder	2
silver	syndrome	2
peroxidase	malaria	2
Riboflavin	peptic ulcer disease	2
Ethanol	colitis	2
hydrogen	hypersensitivity reaction type I disease	2
anthocyanin	colon cancer	2
beta-carotene	favism	2
Biotin	gastritis	2
lutein	cancer	2
dextran	dysbaric osteonecrosis	2
biotin	glycogen storage disease	2
dextran	familial adenomatous polyposis	2
lutein	chronic kidney failure	2
acetic	dengue shock syndrome	2
ethanol	myocardial infarction	2
Methanol	dengue shock syndrome	2
Folic	irritable bowel syndrome	2
folic	hypersensitivity reaction type I disease	1
nisin	aortic valve stenosis	1
Castor oil	diarrhea	1
pyridoxine	cervical cancer	1
Gold	influenza	1
glycine	malaria	1
retinyl palmitate	lung cancer	1
sorbitol	bacterial vaginosis	1
ethanol	heart disease	1
curcumin	osteonecrosis	1
curcumin	fatty liver disease	1
sucralose	diarrhea	1
pyridoxine	seminoma	1
nitrogen	nephritis	1
Dextran	pulmonary fibrosis	1
lipase	carcinoma	1
Silver	breast cancer	1
mannitol	syndrome	1
gold	typhoid fever	1
lipase	non-Hodgkin lymphoma	1
gold	food allergy	1
curcumin	cholangitis	1
nitrogen	chronic kidney failure	1
pyridoxine	neck cancer	1
curcumin	seminoma	1
Hydrogen	colon cancer	1
nisin	carcinoma	1
dextran	arthritis	1
silver	glioblastoma multiforme	1
Gold	asthma	1
gold	adenoma	1
lipase	central nervous system lymphoma	1
silver	non-Hodgkin lymphoma	1
magnesium sulphate	constipation	1
curcumin	adenocarcinoma in situ	1
gold	hiatus hernia	1
cellulose	arthritis	1
curcumin	malignant glioma	1
hydrogen	Human immunodeficiency virus infectious disease	1
dextran	type 2 diabetes mellitus	1
licorice	breast cancer	1
pectin	brain disease	1
ethanol	asthma	1
curcumin	ovarian cancer	1
lipase	colon cancer	1
curcumin	retinoblastoma	1
agar	retinoblastoma	1
curcumin	sclerosing cholangitis	1
pyridoxine	gastrointestinal stromal tumor	1
sorbitol	diarrhea	1
hydrogen	viral infectious disease	1
folic	eclampsia	1
curcumin	pre-eclampsia	1
ethanol	autosomal dominant cerebellar ataxia	1
Xylanase	obesity	1
Fumaric	psoriasis	1
agar	acute hemorrhagic leukoencephalitis	1
lycopene	cerebrovascular disease	1
succinic	colitis	1
nisin	meningitis	1
curcumin	testicular cancer	1
Curcumin	pancreatic cancer	1
ethanol	ulcerative colitis	1
Agar	retinoblastoma	1
Hydrogen	dyspepsia	1
nitrogen	metabolic acidosis	1
retinol	iodine deficiency	1
curcumin	rectum cancer	1
ethanol	cutaneous mastocytosis	1
Retinol	lung cancer	1
silver	ovarian cancer	1
Sucralose	insulinoma	1
propionic	pneumonia	1
pyridoxine	choriocarcinoma	1
pepsin	gastroesophageal reflux disease	1
lipase	gastritis	1
gold	secondary hyperparathyroidism	1
gold	autoimmune hepatitis	1
agar	cryptococcosis	1
Dextran	severe combined immunodeficiency	1
dextran	progressive multifocal leukoencephalopathy	1
curcumin	glioblastoma multiforme	1
nitrogen	diabetic nephropathy	1
tannase	hypertension	1
ozone	hypersensitivity reaction type I disease	1
nitrogen	hepatitis	1
arabinose	Crohns disease	1
pyridoxine	germ cell cancer	1
nitrogen	syphilis	1
pyridoxine	lymphoma	1
dextran	gastritis	1
pepsin	atrophic gastritis	1
pyridoxine	bilateral breast cancer	1
sorbitol	syndrome	1
lutein	diabetic retinopathy	1
silver	colorectal cancer	1
lipase	cystic fibrosis	1
benzyl alcohol	candidiasis	1
carbon dioxide	acute pancreatitis	1
peroxidase	osmotic diarrhea	1
nitrogen	autistic disorder	1
trypsin	acute pancreatitis	1
nitrogen	dengue shock syndrome	1
ethanol	dengue shock syndrome	1
glycerin	constipation	1
Ethylenediaminetetraacetic	syndrome	1
propionic	maple syrup urine disease	1
carbon dioxide	mycosis fungoides	1
sodium alginate	Alzheimers disease	1
pyridoxine	rhabdomyosarcoma	1
lipase	atrophic gastritis	1
pyridoxine	neuroblastoma	1
Silver	cancer	1
hydrogen	pneumonia	1
lactic	anemia	1
Chitosan	cancer	1
curcumin	myeloma	1
folic	pre-eclampsia	1
cyclamate	gingivitis	1
curcumin	head and neck cancer	1
ethanol	alcoholic hepatitis	1
peroxidase	ileocolitis	1
licorice	colitis	1
curcumin	lung cancer	1
pectin	polycystic kidney disease	1
pyridoxine	multiple myeloma	1
gold	hyperparathyroidism	1
lipase	urinary bladder cancer	1
curcumin	non-Hodgkin lymphoma	1
Peroxidase	colitis	1
pyridoxine	oral squamous cell carcinoma	1
dextran	hypothyroidism	1
propionic	acute diarrhea	1
Safflower	constipation	1
hydrogen	disseminated intravascular coagulation	1
pepsin	colon carcinoma	1
silver	malignant glioma	1
lipase	Hodgkins lymphoma	1
mannitol	liver disease	1
riboflavin	eclampsia	1
propionic	Klebsiella pneumonia	1
silver	cervical cancer	1
lipase	bilateral breast cancer	1
hydrogen	progressive multifocal leukoencephalopathy	1
propionic	lactic acidosis	1
pyridoxine	meningioma	1
Argon	Peutz-Jeghers syndrome	1
silver	myeloma	1
chlorophyll	cholera	1
glycine	carcinoma	1
nitrogen	breast cancer	1
lipase	pancreatic cancer	1
curcumin	hypertension	1
agar	dysbaric osteonecrosis	1
silver	neck cancer	1
acetic	Alzheimers disease	1
lipase	medulloblastoma	1
lipase	retinoblastoma	1
gold	delayed puberty	1
acetic	carcinoma	1
curcumin	neuroblastoma	1
Sodium nitrite	colitis	1
curcumin	neutropenia	1
Fumaric	granuloma annulare	1
Lipase	chronic fatigue syndrome	1
Chitosan	hyperglycemia	1
silver	carcinoma	1
lactic	inflammatory bowel disease	1
nitrogen	toxic shock syndrome	1
carmine	microscopic colitis	1
pectin	colitis	1
propionic	psoriasis	1
silver	renal cell carcinoma	1
lipase	testicular cancer	1
folic	toxic encephalopathy	1
silver	rectum cancer	1
sodium propionate	colitis	1
carmine	colorectal adenoma	1
silver	female breast cancer	1
gold	deficiency anemia	1
biphenyl	toxic encephalopathy	1
peroxidase	chronic granulomatous disease	1
trypsin	ovarian cancer	1
Curcumin	arthritis	1
hydrogen	pyelonephritis	1
curcumin	cystic fibrosis	1
sucralose	obesity	1
guar gum	hypercholesterolemia	1
gold	vitamin D deficiency	1
peroxidase	gestational diabetes	1
biotin	irritable bowel syndrome	1
methanol	Alzheimers disease	1
lipase	osteonecrosis	1
lutein	artery disease	1
chitosan	prostate cancer	1
cellulose	malnutrition	1
curcumin	squamous cell carcinoma	1
pyridoxine	melanoma	1
ethanol	folic acid deficiency	1
nitrogen	nephrotic syndrome	1
gold	bilirubin metabolic disorder	1
glycine	colon adenoma	1
silver	meningioma	1
silver	hypertension	1
lipase	oral squamous cell carcinoma	1
nitrogen	obesity	1
lipase	glucose intolerance	1
riboflavin	insulinoma	1
ethanol	cystic fibrosis	1
pyridoxine	retinoblastoma	1
nitrogen	herpes simplex	1
nitrogen	lipid metabolism disorder	1
lipase	head and neck cancer	1
lipase	cervical cancer	1
pyridoxine	adenocarcinoma	1
ethanol	dysbaric osteonecrosis	1
Ethanol	dengue shock syndrome	1
lactic	microcephaly	1
ethanol	colorectal cancer	1
hydrogen	viral hepatitis	1
gold	hyperglycemia	1
Ethylenediaminetetraacetic	irritable bowel syndrome	1
sodium nitrate	colitis	1
lactic	lipodystrophy	1
lipase	adenocarcinoma in situ	1
benzyl alcohol	bacterial vaginosis	1
riboflavin	anemia	1
peroxidase	adenoma	1
xylitol	dentin caries	1
tea extract	cancer	1
methanol	pneumonia	1
guar gum	colitis	1
Ethanol	syndrome	1
peroxidase	lateral sclerosis	1
carrageenan	coronary artery disease	1
Mannitol	diarrhea	1
peroxidase	hypothyroidism	1
Glycyrrhizin	fatty liver disease	1
glycerin	bacterial vaginosis	1
trypsin	cutaneous mastocytosis	1
curcumin	inflammatory bowel disease	1
agar	lung disease	1
anthocyanin	colorectal cancer	1
Pectin	hypertension	1
hydrogen	lupus erythematosus	1
pyridoxine	urinary bladder cancer	1
tannase	colorectal cancer	1
lipase	breast cancer	1
cholecalciferol	cholestasis	1
methanol	adenoma	1
Nitrogen	pneumonia	1
ethanol	prion disease	1
chymotrypsin	chronic fatigue syndrome	1
Sucralose	lymphoma	1
pyridoxine	non-small cell lung carcinoma	1
lactic	metabolic syndrome X	1
ethanol	autistic disorder	1
Lycopene	hepatocellular carcinoma	1
sorbic	bacterial vaginosis	1
lactic	cardiomyopathy	1
propionic	Angelman syndrome	1
dextran	chronic granulomatous disease	1
N-acetylglucosamine	hyperglycemia	1
trypsin	chronic obstructive pulmonary disease	1
ethanol	gastric ulcer	1
gold	proteinuria	1
pyridoxine	atrophic gastritis	1
gold	melioidosis	1
aluminium	pneumonia	1
Curcumin	metabolic syndrome X	1
lactic	lipid metabolism disorder	1
glycerin	candidiasis	1
folic	glucose intolerance	1
acetic	gastritis	1
pepsin	carcinoma	1
lipase	adenosine deaminase deficiency	1
pyridoxine	pre-eclampsia	1
curcumin	gestational trophoblastic neoplasm	1
cellulose	bacterial vaginosis	1
nicotinic	hypersensitivity reaction type II disease	1
Dextran	idiopathic interstitial pneumonia	1
chlorophyll	dilated cardiomyopathy	1
propionic	impetigo	1
Curcumin	chronic obstructive pulmonary disease	1
thiamin	cardiomyopathy	1
ethanol	endometriosis	1
Lycopene	prostate cancer	1
peroxidase	dementia	1
tea extract	malnutrition	1
nisin	head and neck squamous cell carcinoma	1
propionic	gastritis	1
thiamin	hypertrophic cardiomyopathy	1
hydrogen	bronchitis	1
Argon	syndrome	1
curcumin	central nervous system lymphoma	1
folic	atherosclerosis	1
chlorophyll	cardiomyopathy	1
lipase	lymphoma	1
nitrogen	osmotic diarrhea	1
acetic	chronic kidney failure	1
riboflavin	hypertension	1
pectin	diarrhea	1
Retinol	retinitis pigmentosa	1
trypsin	scrapie	1
ethanol	age related macular degeneration	1
benzoic	aortic valve stenosis	1
pyridoxine	medulloblastoma	1
lipase	meningioma	1
nisin	dermatitis	1
lipase	endometrial cancer	1
pyridoxine	gastritis	1
gold	liver cirrhosis	1
gold	meningitis	1
chlorine	cholera	1
hydrogen	pulmonary emphysema	1
mannitol	irritable bowel syndrome	1
curcumin	lymphoma	1
ethanol	gastrointestinal system disease	1
hydrogen	hepatitis B	1
Nitrogen	malnutrition	1
Curcumin	liver disease	1
agar	prostate cancer	1
ethyl acetate	carcinoma	1
pyridoxine	renal cell carcinoma	1
gold	iron deficiency anemia	1
anthocyanin	heart disease	1
lipase	multiple myeloma	1
carbon dioxide	dengue shock syndrome	1
curcumin	germ cell cancer	1
pyridoxine	ovarian clear cell carcinoma	1
curcumin	renal cell carcinoma	1
Ethylenediaminetetraacetic	Leber congenital amaurosis	1
pyridoxine	colon cancer	1
lipase	serous cystadenocarcinoma	1
retinol	kidney disease	1
Papain	hypersensitivity reaction type I disease	1
hydrogen	neurodegenerative disease	1
gold	aseptic meningitis	1
Ethanol	hepatocellular carcinoma	1
hydrogen	dysbaric osteonecrosis	1
bromelain	constipation	1
tea extract	adenoma	1
nitrogen	carcinoma	1
chlorine	colon cancer	1
propionic	metabolic syndrome X	1
lipase	lung adenocarcinoma	1
pyridoxine	irritable bowel syndrome	1
silver	squamous cell carcinoma	1
trypsin	colitis	1
lutein	atherosclerosis	1
lactic	macrocytic anemia	1
beta-galactosidase	syndrome	1
nitrogen	bacterial vaginosis	1
pectinase	human granulocytic anaplasmosis	1
trypsin	pancreatitis	1
Curcumin	mantle cell lymphoma	1
gold	rheumatoid arthritis	1
ethylenediaminetetraacetic	hypersensitivity reaction type I disease	1
Curcumin	lymphoma	1
methanol	lung cancer	1
sorbic	human granulocytic anaplasmosis	1
sucralose	aortic valve stenosis	1
propionic	organic acidemia	1
thiamin	hyperuricemia	1
Retinol	vascular disease	1
red algae	Leber congenital amaurosis	1
methyl cellulose	Huntingtons disease	1
silver	anal carcinoma	1
papain	parasitic helminthiasis infectious disease	1
lipase	acute pancreatitis	1
trypsin	diarrhea	1
lipase	hyperglycemia	1
silver	choriocarcinoma	1
glycine	hepatocellular carcinoma	1
pectin	multiple sclerosis	1
ferrous fumarate	gastrointestinal system disease	1
ethyl acetate	breast cancer	1
dextran	severe combined immunodeficiency	1
aspartame	disease of metabolism	1
Curcumin	syndrome	1
tea extract	diarrhea	1
silver	gestational trophoblastic neoplasm	1
folic	atrial fibrillation	1
Dextran	hepatocellular carcinoma	1
nitrogen	intracranial hypertension	1
hydrogen	carcinoma	1
sorbic	candidiasis	1
nicotinic	schistosomiasis	1
Agar	multiple endocrine neoplasia	1
curcumin	anal carcinoma	1
pepsin	Creutzfeldt-Jakob disease	1
nisin	diarrhea	1
gold	diarrhea	1
hemicellulase	colitis	1
mannitol	ileus	1
propionic	phenylketonuria	1
potassium chloride	primary cutaneous amyloidosis	1
nitrogen	dermatitis	1
trypsin	infective endocarditis	1
carrageenan	heart disease	1
pyridoxine	endometrial cancer	1
retinol	hepatocellular carcinoma	1
silver	lymphoma	1
pyridoxine	colorectal cancer	1
glycine	autistic disorder	1
trypsin	Miller-Dieker lissencephaly syndrome	1
ethanol	hyperglycemia	1
gold	gastrointestinal stromal tumor	1
lycopene	endogenous depression	1
nitrogen	endometriosis	1
methanol	Leber congenital amaurosis	1
Chitosan	lymphoma	1
nitrogen	pre-eclampsia	1
ethyl acetate	dysbaric osteonecrosis	1
nitrogen	mycosis fungoides	1
silver	kidney cancer	1
curcumin	encephalomyelitis	1
guar gum	aortic valve stenosis	1
silver	multiple myeloma	1
glycine	encephalitis	1
Hydrogen	polycystic ovary syndrome	1
ethanol	acquired immunodeficiency syndrome	1
hydrogen	cardiomyopathy	1
lycopene	coronary artery disease	1
licorice	hypersensitivity reaction type I disease	1
dextran	encephalomyelitis	1
silver	pancreatic cancer	1
cellulose	Huntingtons disease	1
carrageenan	colitis	1
chymotrypsin	exocrine pancreatic insufficiency	1
glycine	lactic acidosis	1
chlorine	cancer	1
silver	aortic valve stenosis	1
pyridoxine	lung cancer	1
beta-carotene	pancreatitis	1
dextran	adenocarcinoma	1
lutein	adenocarcinoma	1
agar	pertussis	1
silver	pre-eclampsia	1
lactic	gonorrhea	1
lipase	melanoma	1
silver	gastrointestinal stromal tumor	1
propionic	cellulitis	1
trypsin	variant Creutzfeldt-Jakob disease	1
lipase	irritable bowel syndrome	1
ethyl acetate	acute hemorrhagic leukoencephalitis	1
carbon dioxide	osmotic diarrhea	1
gold	hepatitis	1
cellulose	lymphocytic choriomeningitis	1
hydrogen	diabetes mellitus	1
curcumin	gastric adenocarcinoma	1
riboflavin	tuberculosis	1
cellulose	rheumatoid arthritis	1
anthocyanin	ischemia	1
ethyl acetate	breast carcinoma	1
curcumin	meningioma	1
propionic	hepatic encephalopathy	1
saccharin	kidney failure	1
lycopene	hypertension	1
dextran	metabolic syndrome X	1
gold	metastatic melanoma	1
peroxidase	diabetes mellitus	1
ethyl acetate	diarrhea	1
agar	malnutrition	1
silver	oral squamous cell carcinoma	1
nitrogen	liver disease	1
lipase	prostate cancer	1
sodium nitrite	dengue shock syndrome	1
ethanol	osteonecrosis	1
agar	actinomycosis	1
pyridoxine	cerebrovascular disease	1
silver	cutaneous mastocytosis	1
gold	esophagitis	1
pepsin	scrapie	1
Gold	hepatitis B	1
methanol	leukemia	1
lactic	Pearson syndrome	1
Lycopene	macular degeneration	1
lipase	anal carcinoma	1
silver	dysentery	1
pyridoxine	hypertension	1
hydrogen	atherosclerosis	1
ethanol	cholera	1
pectin	kidney disease	1
hemicellulase	retinoblastoma	1
lycopene	diabetic retinopathy	1
carbon dioxide	adult respiratory distress syndrome	1
peroxidase	celiac disease	1
glycine	polycystic ovary syndrome	1
curcumin	constipation	1
cellobiase	dysbaric osteonecrosis	1
Agar	cystic fibrosis	1
nitrous oxide	aortic valve stenosis	1
Methanol	irritable bowel syndrome	1
agar	skin cancer	1
Methanol	colitis	1
sodium nitrate	dengue shock syndrome	1
pyridoxine	hepatocellular carcinoma	1
Silver	syndrome	1
ethanol	carcinoma	1
pyridoxine	squamous cell carcinoma	1
ozone	dermatitis	1
Folic	cerebrovascular disease	1
ethanol	substance abuse	1
carboxymethylcellulose	dengue shock syndrome	1
nitrogen	acquired immunodeficiency syndrome	1
nitrogen	polycystic ovary syndrome	1
lipase	pre-eclampsia	1
chitosan	atherosclerosis	1
Chitosan	obesity	1
brown algae	cancer	1
argon	adenoma	1
ethanol	neuroendocrine tumor	1
hydrogen	coronary artery disease	1
Gold	dermatitis	1
carbon dioxide	dysbaric osteonecrosis	1
Retinol	coronary artery disease	1
carrageenan	chronic kidney failure	1
curcumin	kidney cancer	1
ethanol	bladder carcinoma	1
sodium benzoate	irritable bowel syndrome	1
ethanol	obesity	1
glycine	lysinuric protein intolerance	1
nitrogen	B-cell lymphoma	1
pyridoxine	breast cancer	1
hydrogen	leukemia	1
lactic	gastroenteritis	1
pyridoxine	testicular cancer	1
peroxidase	lupus erythematosus	1
guar gum	cholera	1
Trypsin	cutaneous mastocytosis	1
pectin	hepatic encephalopathy	1
gold	esophageal cancer	1
curcumin	liver cancer	1
lutein	cataract	1
silver	germ cell cancer	1
hydrogen	hypothyroidism	1
silver	neuroblastoma	1
lactic	hypokalemia	1
silver	bilateral breast cancer	1
Retinol	cancer	1
lipase	ovarian clear cell carcinoma	1
riboflavin	ariboflavinosis	1
lipase	non-small cell lung carcinoma	1
lycopene	diabetes mellitus	1
Chitosan	peptic ulcer disease	1
lactic	short bowel syndrome	1
succinic	succinic semialdehyde dehydrogenase deficiency	1
pyridoxine	obesity	1
Argon	angiodysplasia	1
pyridoxine	female breast cancer	1
hydrogen	congenital hypothyroidism	1
sucralose	periodontal disease	1
gold	liver disease	1
dextran	systemic lupus erythematosus	1
silver	prostate cancer	1
curcumin	diabetic nephropathy	1
Propionic	colon cancer	1
curcumin	female breast cancer	1
propionic	metabolic acidosis	1
peroxidase	major depressive disorder	1
lactic	atopic dermatitis	1
anthocyanin	lipid metabolism disorder	1
nisin	atopic dermatitis	1
propionic	colon cancer	1
mannitol	short bowel syndrome	1
pyridoxine	head and neck cancer	1
silver	urinary bladder cancer	1
curcumin	dengue shock syndrome	1
silver	osteonecrosis	1
dextran	diabetes mellitus	1
pyridoxine	adenocarcinoma in situ	1
Cellulose	dengue shock syndrome	1
sodium benzoate	guanidinoacetate methyltransferase deficiency	1
mannitol	colitis	1
cholecalciferol	fatty liver disease	1
pepsin	dysbaric osteonecrosis	1
Potassium chloride	irritable bowel syndrome	1
lactic	anuria	1
agar	lymphocytic choriomeningitis	1
cellulose	hypersensitivity reaction type I disease	1
trypsin	endocarditis	1
peroxidase	irritable bowel syndrome	1
succinic	irritable bowel syndrome	1
gold	hypophosphatemia	1
licorice extract	colitis	1
hemicellulase	dengue shock syndrome	1
propionic	hepatitis	1
Lutein	macular degeneration	1
Hydrogen	colorectal cancer	1
pyridoxine	liver cancer	1
Papain	dental caries	1
peroxidase	dysbaric osteonecrosis	1
gum arabic	diabetic nephropathy	1
lactic	brain disease	1
gold	peritonitis	1
pyridoxine	malignant glioma	1
pepsin	food allergy	1
hydrogen	gastroenteritis	1
nitrogen	pneumonia	1
Curcumin	colon cancer	1
Retinol	myocardial infarction	1
peroxidase	polycystic ovary syndrome	1
lutein	coronary artery disease	1
nicotinic	irritable bowel syndrome	1
glucose oxidase	primary cutaneous amyloidosis	1
silver	melanoma	1
Curcumin	hyperglycemia	1
cellulase	cancer	1
silver	obesity	1
silver	lung adenocarcinoma	1
peroxidase	diarrhea	1
Sodium nitrite	dengue shock syndrome	1
ethylenediaminetetraacetic	irritable bowel syndrome	1
lipase	ovarian cancer	1
xylitol	gingivitis	1
curcumin	multiple myeloma	1
biotin	autistic disorder	1
curcumin	oral squamous cell carcinoma	1
gold	syndrome	1
beta-galactosidase	lactose intolerance	1
glycine	esophageal cancer	1
dextran	lupus erythematosus	1
propionic	folic acid deficiency	1
ethanol	macular degeneration	1
Ethylenediaminetetraacetic	adenosine deaminase deficiency	1
dextran	congenital hypothyroidism	1
Nitrogen	polycystic ovary syndrome	1
pyridoxine	glioblastoma multiforme	1
curcumin	choriocarcinoma	1
propionic	Reye syndrome	1
Ethanol	polycystic ovary syndrome	1
aspartame	syndrome	1
propionic	biotinidase deficiency	1
lipase	germ cell cancer	1
hydrogen	malnutrition	1
Papain	asthma	1
hydrogen	urethritis	1
sorbitol	constipation	1
propionic	Rett syndrome	1
lipase	seminoma	1
Agar	actinomycosis	1
Pectin	heart disease	1
dextran	amyotrophic lateral sclerosis	1
pepsin	chronic fatigue syndrome	1
ethanol	coronary artery disease	1
Dextran	inflammatory bowel disease	1
Retinol	peripheral vascular disease	1
curcumin	endometrial cancer	1
folic	malnutrition	1
hydrogen	lateral sclerosis	1
licorice	secondary hypertension	1
chitosan	skin disease	1
peroxidase	asthma	1
lipase	gastrointestinal stromal tumor	1
Aspartame	obesity	1
pepsin	variant Creutzfeldt-Jakob disease	1
gold	rectum cancer	1
sorbitol	candidiasis	1
propionic	isovaleric acidemia	1
methanol	Klebsiella pneumonia	1
guar gum	hyperglycemia	1
lipase	female breast cancer	1
lipase	glioblastoma multiforme	1
lipase	kidney cancer	1
carbon dioxide	disseminated intravascular coagulation	1
nicotinic	obesity	1
glycine	mycosis fungoides	1
ethanol	tuberculosis	1
peroxidase	systemic lupus erythematosus	1
gold	adenosine deaminase deficiency	1
glycyrrhizin	diarrhea	1
propionic	acne	1
ethylenediaminetetraacetic	inflammatory bowel disease	1
Chitosan	adenocarcinoma	1
lipase	gestational trophoblastic neoplasm	1
riboflavin	irritable bowel syndrome	1
Peroxidase	irritable bowel syndrome	1
dextran	hypersensitivity reaction type I disease	1
lycopene	macular degeneration	1
ozone	cancer	1
lipase	tropical sprue	1
folic	dermatitis	1
sorbitol	hyperglycemia	1
peroxidase	type 2 diabetes mellitus	1
methanol	asthma	1
pyridoxine	homocystinuria	1
pyridoxine	gastric adenocarcinoma	1
silver	gastritis	1
agar	vaccinia	1
pectin	inflammatory bowel disease	1
pyridoxine	prostate cancer	1
methanol	type 1 diabetes mellitus	1
aspartame	phenylketonuria	1
silver	medulloblastoma	1
ethyl acetate	cancer	1
lactitol	constipation	1
silver	seminoma	1
silver	adenocarcinoma	1
glycine	phenylketonuria	1
silver	testicular cancer	1
Lutein	age related macular degeneration	1
agar	endometrial cancer	1
dextran	acquired immunodeficiency syndrome	1
curcumin	serous cystadenocarcinoma	1
chlorophyll	hypertrophic cardiomyopathy	1
nitrogen	brain edema	1
nicotinic	dengue shock syndrome	1
guar gum	group B streptococcal pneumonia	1
lipase	liver cancer	1
agar	disseminated intravascular coagulation	1
hydrogen	primary cutaneous amyloidosis	1
citric	diarrhea	1
curcumin	lung adenocarcinoma	1
Trypsin	ovarian cancer	1
biphenyl	breast carcinoma	1
dextran	morbid obesity	1
Chitosan	Pthirus pubis infestation	1
curcumin	gastrointestinal stromal tumor	1
nitrogen	glucose intolerance	1
Sucralose	periodontal disease	1
glycine	metabolic syndrome X	1
carmine	colitis	1
silver	Leber congenital amaurosis	1
pyridoxine	neutropenia	1
anthocyanin	artery disease	1
lipase	squamous cell carcinoma	1
hydrogen	systemic lupus erythematosus	1
nicotinic	atherosclerosis	1
glycine	syndrome	1
chitosan	cystic fibrosis	1
sodium propionate	ulcerative colitis	1
retinyl palmitate	cancer	1
pyridoxine	non-Hodgkin lymphoma	1
glycine	liver disease	1
agar	protein-energy malnutrition	1
Fumaric	cheilitis	1
curcumin	rhabdomyosarcoma	1
folic	colitis	1
silver	rhabdomyosarcoma	1
hydrogen	heart disease	1
peroxidase	congenital hypothyroidism	1
lipase	rhabdomyosarcoma	1
Ethylenediaminetetraacetic	dengue shock syndrome	1
glycine	dengue shock syndrome	1
xylitol	periodontal disease	1
chlorophyll	arrhythmogenic right ventricular cardiomyopathy	1
curcumin	hyperinsulinism	1
carbon dioxide	asthma	1
lipase	choriocarcinoma	1
silver	colon cancer	1
curcumin	cervical cancer	1
carrageenan	disease by infectious agent	1
adipic	constipation	1
Gold	syndrome	1
ethanol	schizophrenia	1
dextran	toxic encephalopathy	1
Fumaric	sarcoidosis	1
peroxidase	dysthymic disorder	1
peroxidase	amyotrophic lateral sclerosis	1
ethanol	fetal alcohol syndrome	1
lipase	neuroblastoma	1
chitosan	pontocerebellar hypoplasia	1
gold	hypokalemia	1
curcumin	prostate cancer	1
curcumin	medulloblastoma	1
acetic	hypersensitivity reaction type I disease	1
nitrogen	liver cirrhosis	1
hydrogen	dengue shock syndrome	1
sucralose	Human immunodeficiency virus infectious disease	1
tea extract	secretory diarrhea	1
benzoic	Alzheimers disease	1
curcumin	urinary bladder cancer	1
propionic	carcinoma	1
hydrogen	chorioamnionitis	1
curcumin	gastritis	1
peroxidase	panic disorder	1
pyridoxine	ovarian cancer	1
Ozone	asthma	1
hydrogen	amyotrophic lateral sclerosis	1
propionic	encephalomyelitis	1
cellulose	candidiasis	1
lipase	malignant glioma	1
lipase	gastric adenocarcinoma	1
anthocyanin	coronary artery disease	1
Nitrogen	syndrome	1
hydrogen	chronic fatigue syndrome	1
benzoic	cancer	1
xylitol	obesity	1
curcumin	bilateral breast cancer	1
anthocyanin	cerebrovascular disease	1
pyridoxine	gestational trophoblastic neoplasm	1
lipase	neck cancer	1
papain	eosinophilia	1
argon	retinitis pigmentosa	1
Argon	proctitis	1
retinol	anemia	1
anthocyanin	arthritis	1
glycyrrhizin	hepatitis	1
carrageenan	hypersensitivity reaction type I disease	1
beta-galactosidase	short bowel syndrome	1
pyridoxine	carcinoma	1
biotin	inflammatory bowel disease	1
riboflavin	primary cutaneous amyloidosis	1
lactic	exocrine pancreatic insufficiency	1
dextran	carcinoma	1
ozone	allergic rhinitis	1
sorbitol	cancer	1
biotin	biotin deficiency	1
methanol	diabetes mellitus	1
carbon dioxide	cystinuria	1
nitrogen	type 2 diabetes mellitus	1
Licorice	dengue shock syndrome	1
peroxidase	cancer	1
gold	obesity	1
Propionic	cancer	1
trypsin	Creutzfeldt-Jakob disease	1
folic	pancreatitis	1
Hydrogen	syndrome	1
pyridoxine	pancreatic cancer	1
pepsin	gastritis	1
silver	hepatocellular carcinoma	1
licorice	asthma	1
silver	serous cystadenocarcinoma	1
Sodium alginate	gastroesophageal reflux disease	1
aluminium	kidney failure	1
lactic	kidney failure	1
hydrogen	osmotic diarrhea	1
gold	syphilis	1
aspartame	metabolic syndrome X	1
mannitol	chronic kidney failure	1
silver	atrophic gastritis	1
biotin	alopecia	1
silver	retinoblastoma	1
lycopene	metabolic syndrome X	1
methyl cellulose	chronic leukemia	1
lactic	dysbaric osteonecrosis	1
lipase	rectum cancer	1
pectin	primary cutaneous amyloidosis	1
ozone	rhinitis	1
agar	colon carcinoma	1
Chitosan	Alzheimers disease	1
Saccharin	cancer	1
hydrogen	renal fibrosis	1
lycopene	artery disease	1
cellulose	chronic leukemia	1
Lactic	schizophrenia	1
licorice	lipid metabolism disorder	1
silver	central nervous system lymphoma	1
curcumin	ovarian clear cell carcinoma	1
pyridoxine	anal carcinoma	1
aluminium	diarrhea	1
ethanol	congenital bile acid synthesis defect	1
propionic	pancreatitis	1
hydrogen	adult respiratory distress syndrome	1
licorice	endometrial cancer	1
mannitol	dysbaric osteonecrosis	1
dextran	vitamin D deficiency	1
Glycine	systemic scleroderma	1
Lutein	asthma	1
aspartame	dengue shock syndrome	1
pyridoxine	central nervous system lymphoma	1
lactic	dermatitis	1
retinol	osteoporosis	1
peroxidase	tuberculosis	1
Hydrogen	lactose intolerance	1
carbon dioxide	pancreatitis	1
agar	carcinoma	1
silver	ovarian clear cell carcinoma	1
lipase	disseminated intravascular coagulation	1
ethanol	alcohol abuse	1
lycopene	type 2 diabetes mellitus	1
curcumin	hyperglycemia	1
carbon dioxide	intestinal perforation	1
Curcumin	hepatitis	1
hydrogen	ischemia	1
guar gum	irritable bowel syndrome	1
silver	endometrial cancer	1
brown algae	pancreatic cancer	1
hydrogen	acquired immunodeficiency syndrome	1
malic	obesity	1
pyridoxine	myeloma	1
hemicellulase	diarrhea	1
silver	adenocarcinoma in situ	1
Chitosan	gastritis	1
Argon	mycosis fungoides	1
curcumin	adenocarcinoma	1
N-acetylglucosamine	lupus erythematosus	1
pepsin	cutaneous mastocytosis	1
folic	food allergy	1
fumaric	diarrhea	1
carrageenan	pain agnosia	1
trypsin	syndrome	1
lycopene	arthritis	1
lycopene	lung metastasis	1
pyridoxine	cancer	1
lipase	adenocarcinoma	1
gum arabic	kidney disease	1
gold	constipation	1
silver	neutropenia	1
carbon dioxide	metabolic acidosis	1
nisin	squamous cell carcinoma	1
gold	malaria	1
cellulose	syndrome	1
Chitosan	gastric adenocarcinoma	1
pectin	liver disease	1
silver	non-small cell lung carcinoma	1
aspartame	urinary bladder cancer	1
lutein	colon adenocarcinoma	1
Retinol	heart disease	1
lipase	hepatocellular carcinoma	1
Ethanol	adrenoleukodystrophy	1
ethanol	syndrome	1
agar	mycosis fungoides	1
Trypsin	chronic fatigue syndrome	1
cellulose	dyspepsia	1
lutein	colon cancer	1
nitrogen	colorectal cancer	1
peroxidase	obesity	1
lactic	melancholia	1
methanol	aortic valve stenosis	1
pepsin	hypersensitivity reaction type I disease	1
tea extract	chronic fatigue syndrome	1
chlorophyll	myocarditis	1
ethanol	liver cirrhosis	1
pyridoxine	rectum cancer	1
licorice	cancer	1
Ozone	autistic disorder	1
dextran	lateral sclerosis	1
Argon	kidney failure	1
gold	Huntingtons disease	1
red algae	carcinoma	1
cholecalciferol	liver disease	1
ethanol	melanoma	1
sorbitol	parasitic infectious disease	1
guar gum	hyperinsulinism	1
nitrogen	atopic dermatitis	1
nitrogen	colon cancer	1
nitrogen	adenoma	1
cellulose	pellagra	1
guar gum	dengue shock syndrome	1
aspartame	cancer	1
pyridoxine	kidney cancer	1
guar gum	familial hyperlipidemia	1
biphenyl	carcinoma	1
hydrogen	bacterial vaginosis	1
agar	dengue shock syndrome	1
lycopene	pancreatitis	1
ethylenediaminetetraacetic	syndrome	1
pyridoxine	osteonecrosis	1
curcumin	atrophic gastritis	1
curcumin	neck cancer	1
Saccharin	urinary bladder cancer	1
butylated hydroxytoluene	primary cutaneous amyloidosis	1
gold	leprosy	1
curcumin	melanoma	1
curcumin	liver disease	1
Xylitol	enamel erosion	1
nitrogen	malaria	1
lipase	cutaneous mastocytosis	1
lipase	myeloma	1
Gold	atopic dermatitis	1
acetic	ulcerative colitis	1
silver	diarrhea	1
folic	bronchiolitis	1
gold	Wilson disease	1
lipase	lung cancer	1
Hydrogen	hepatocellular carcinoma	1
curcumin	non-small cell lung carcinoma	1
sorbitol	irritable bowel syndrome	1
pyridoxine	lung adenocarcinoma	1
lipase	neutropenia	1
cellulose	liver cirrhosis	1
Curcumin	glucose intolerance	1
nitrogen	hepatitis B	1
nitrogen	meningitis	1
curcumin	kidney failure	1
sodium alginate	obesity	1
silver	liver cancer	1
sorbitol	dental caries	1
pyridoxine	serous cystadenocarcinoma	1
carbon dioxide	diarrhea	1
silver	lung cancer	1
arabinose	aortic valve stenosis	1
retinol	cutaneous mastocytosis	1
licorice	constipation	1
ethanol	bipolar disorder	1
silver	head and neck cancer	1
lipase	colorectal cancer	1
tea extract	syndrome	1
N-acetylglucosamine	cancer	1
Glycyrrhizin	diarrhea	1
silver	gastric adenocarcinoma	1
lipase	renal cell carcinoma	1
nicotinic	ulcerative colitis	1
Mannitol	congenital bile acid synthesis defect	1
hydrogen	gastrointestinal system disease	1
ozone	glucose intolerance	1
Ethanol	acute pancreatitis	1
Retinol	cerebral infarction	1